nombre,conteo_productos,envios,ventas
Abba Top miniprint,5,6927,2728
Abba Top print,5,5696,2332
Abbey Sweater embroidered,5,1760,682
Abby Dress caribbean,5,3212,770
Abelone Playsuit miniprint,5,1958,704
Abigail Shirt wdc,10,11129,4312
Abstract Sweater zebra,5,1870,748
Acacia Jacket ward,17,33999,12494
Acacia Top majolica,6,7477,3630
Acentia Short own,5,2816,1122
Acom Jacket port,45,51658,21252
Addi Playsuit flowers,5,3058,506
Addi Skirt even,10,8555,2420
Adelade Top micro,6,2222,858
Ademia Top ward,5,7322,2134
Adette Shirt broadway,5,4706,1540
Adina Jeans button,11,6687,1870
Agathe Skirt mila,3,4243,1518
Agave Tshirt mila,6,7984,3982
Agnes Sweater season,4,16888,6838
Agnes T-shirt off,12,2596,1012
Agnet Sweatshirt soya,18,8250,3674
Agosto Dress ycoo,4,2266,1342
Agreable Top mila,12,13505,5324
Ahina Pant floral,4,1276,748
Aida Jeans denim,7,6928,2838
Aida Pant camo,6,13415,3300
Aida Pant salute,30,37715,13046
Aissuia Jeans denim,4,7301,2068
Aitana Jacket moon,6,7412,2574
Aiur Shirt hippie,3,3629,1892
Akoz Dress print,8,6599,2200
Akoz Dress summer,20,29710,14561
Akoz Jumpsuit print,12,10735,3960
Akoz Jumpsuit summer,16,16167,5720
Akoz Shirt venus,24,44180,15092
Akoz Skirt spring,4,3607,1144
Akoz Top solid,79,120070,62226
Akuline Tshirt white,5,2750,836
Alaia Skirt animal,10,20649,8336
Alana Pant ancle,4,2486,726
Alanis Sweatshirt mellow,5,1760,638
Alba Dress light,3,1386,616
Alba Top dots,9,8732,3630
Alberte Jacket soya,12,3454,1474
Alejandra Shirt woven,3,1628,418
Alexa Cardigan soft,10,37891,14911
Alexa Jacket soya,6,3630,1056
Alexa Jeans cropped,5,2970,924
Alexa Jeans milan,5,4376,1628
Alexa Jeans slim,60,26838,10098
Alexa Shirt melagne,12,5082,3058
Alexandra Short stripe,4,1914,704
Alice Shirt off,8,10710,3762
Alice Shirt vneck,15,16495,6072
Alice Top floral,8,6842,3058
Allie Dress joules,7,2750,924
Allison Skirt easy,4,4002,1386
Ally Shirt bright,13,6710,2420
Almond Shirt print,6,9720,5169
Alpaca Sweater femme,8,15262,4290
Alva Tshirt msch,15,25796,8074
Alva Tshirt print,4,2706,1650
Amada Top bohck,5,10555,4443
Amadine Jumpsuit soft,5,7961,3190
Amalfi Skirt leaf,4,1628,726
Amali Tshirt numph,4,4597,1760
Amanda Jacket paris,13,10799,3762
Amanda Short woven,40,24216,11858
Amapola Jacket print,6,10072,3476
Amapola Shirt print,3,3827,1804
Amara Sweater ls,48,47329,16808
Amara Sweater v-neck,50,28173,11528
Amatista Short cerise,3,968,704
Ambar Dress ycoo,4,9895,3783
Amber Cardigan knit,6,2156,1012
Amberes Top wardrobe,7,14646,5521
Ambrose Dress ward,5,6355,1320
Amelot Jacket mila,2,2155,792
Amina Pant phase,5,792,308
Amour Sweatshirt french,4,3256,1408
Amsterdam T-shirt wardrobe,12,14360,4532
Amuse Tshirt society,8,4686,1254
Anabel Skirt soya,6,2310,726
Anc Pant silver,10,10205,2618
Andalo Jacket long,7,704,264
Andre Tshirt zeze,9,4488,1826
Andrea Dress hippie,11,18624,5742
Andrea Pant zeze,6,2222,1320
Andy Pant check,4,2881,726
Animal Skirt pleat,2,506,176
Animals Top print,3,1166,572
Anja Jacket suede,9,6994,2574
Anna Cardigan color,5,10380,3718
Anna Dress volume,5,1782,836
Anna Jeans style,15,24410,8932
Anna Shirt wdc,33,51220,22635
Anna T-shirt oneck,33,20041,6798
Annah Top nude,3,1342,814
Annais Top denim,4,3014,1518
Annan Dress cerise,8,12205,4026
Anne Shirt nice,5,4356,2090
Anta Jacket blazer,7,4003,682
Ante Jacket ycoo,16,31977,15088
Ante Pant,5,2552,902
Ante Skirt buttons,9,23706,9963
Ante Trench belt,3,1760,594
Anwick Scarf closet,2,7763,3144
Apais Tshirt mila,6,8334,3762
Ara Dress dark,3,2133,792
Ara Sweater season,8,6555,2002
Aragon Dress vneck,3,3475,1232
Araxas Cardigan colors,6,17372,4422
Arel Bag gold,1,2441,902
Aretha Tshirt soya,6,3080,1298
Arianne Top cerise,3,3695,1650
Ariel Shirt season,8,6600,3146
Ariel Top cerise,3,2771,1144
Arla Pant short,15,7304,2948
Arlet Skirt print,1,0,0
Arya Cardigan maxi,12,26831,11392
Arya Shirt easy,5,6180,2178
Asha Sweater joules,7,2024,748
Asiel Shirt cerise,3,3036,1518
Aslhey Top print,3,3848,2310
Asmine Jacket soya,6,814,198
Aster Top blue,36,67119,34000
Astra Sweatshirt ward,10,10116,2816
Atelier Sweatshirt nathael,3,2860,1276
Atelier Tshirt nathael,3,3366,1408
Athan Tshirt ward,10,9415,3784
Athantic Jeans lexy,5,3607,1254
Athenus Top versus,11,3894,1386
Athlei Coat padded,7,462,198
Athlete Jacket bomb,3,7850,2903
Aure Sweater ward,30,20921,7788
Aurore Sweater stripes,6,16120,5806
Austen Shirt miniprint,6,15966,7763
Austen Skirt floral,3,4266,2002
Auttum Shirt hippie,6,7805,3520
Ava Dress printed,6,11280,5126
Ava Tshirt season,8,12977,4684
Avery Dress dots,7,3058,990
Avierrow Scarf print,1,3387,1275
Awpocket Shirt miniprint,5,6334,2486
Awsix Skirt solid,20,34835,10956
Awvneck Shirt dots,5,6532,1958
Babs Jumpsuit overall,5,4224,2222
Baiba Pant comfort,10,5434,2816
Bail Top majolica,6,4026,1958
Ball Jacket bomber,6,11434,3322
Bamburg Scarf cahier,4,1078,506
Banda Pant shine,4,902,286
Baranya Shorts fit,10,5038,2970
Bari Parka silver,8,8753,1738
Base Sweater high,20,13131,5280
Basha Skirt bohck,35,43631,16126
Basic Jacket blazer,7,3850,1694
Basic Shirt colors,28,51790,21618
Baskia Skirt print,3,3629,1628
Bastian Jacket bohck,10,10295,2640
Bat Shirt cotton,6,4818,1914
Bawalma Scarf young,1,1232,572
Bawivian Scarf fusion,1,2859,1188
Beach Top alcas,3,2266,1122
Beach Tshirt season,12,20363,8996
Beatrice Dress print,8,29160,14580
Beau Pant lili,9,10688,3850
Beckett Top floral,5,8576,4180
Bee Shirt oshaped,8,5632,2464
Begi Jumpsuit house,7,4312,1012
Bele Scarf closet,1,2705,968
Bell Tshirt desert,18,10865,5236
Bella Pant leo,5,8951,2816
Bella Tshirt navy,5,1232,418
Belle Pant soft,5,3629,880
Belle Top bobble,6,374,198
Belma Pant fit,5,2750,1430
Belted Skirt warehouse,5,2904,990
Belvoir Bag closet,1,4134,1781
Bendi Pant regular,5,2464,814
Bendine Jumpsuit flower,4,3432,1408
Bendine Jumpsuit giraffe,4,2640,1342
Bengalin Pant lindex,5,1144,374
Benina Pant fit,4,2552,836
Bente Pant slim,5,2486,1518
Bentley Shirt comfort,10,5368,2838
Beorganic Tshirt amazone,6,2002,748
Berloir Scarf cahier,3,66,22
Bernice Dress bohck,5,5895,1364
Berry Jeans high,20,28281,10230
Berta Scarf closet,1,3211,1363
Besna Pant loose,5,3124,1188
Bess Sweater knit,7,1342,638
Best Bag whisky,1,1825,836
Betty Pant check,6,9127,2970
Betty Scarf closet,1,3695,1363
Bial Dress cerise,3,3035,1188
Bibla Top closet,5,4312,2068
Bike Skirt red,5,2046,572
Biker Jacket laura,4,6046,2354
Billary Top closet,5,3190,1826
Billass Top closet,5,4840,2398
Billi Tshirt embro,8,3982,1606
Billia Jacket closet,5,4488,1716
Billia Skirt closet,5,5434,2662
Billia Top closet,5,4136,2156
Billion Top closet,5,4708,2838
Birch Dress pleated,6,3036,1232
Bird Dress circus,6,2508,726
Bird Dress muse,6,4070,924
Bird Shirt muse,6,2882,902
Birds Shirt closet,2,2859,1342
Birds Top closet,4,4157,1738
Bista Jeans lulu,10,5280,2332
Biston Parka difusion,15,176,44
Bita Tshirt tee,18,8822,4202
Black Top polka,7,3234,1760
Blair Shirt floral,4,6774,3760
Blake Skirt pencil,5,2904,836
Blanc Top plain,3,4420,2112
Blanche Pant flounce,6,5124,1518
Blanka Sweater strong,21,21705,10824
Bleach Jeans kookai,5,2156,550
Bleus Jacket bomb,3,2112,1078
Blish Jacket colors,10,7764,2046
Blocked Sweater stripe,6,1848,682
Blues Top majo,12,21067,9987
Blus Cardigan season,3,1606,506
Blush Short pant,6,10512,4356
Bobbi Cardigan leo,5,3102,1232
Bobbi Cardigan leopard,5,3782,1386
Bobble Top shell,7,2508,990
Bocabril Bag cow,1,5124,1935
Bocamber Bag cow,3,15130,4331
Bocameba Bag buff,1,44,22
Bocanna Bag cow,2,12206,3100
Bocapple Bag suede,1,6619,1913
Bocaraton Bag cow,2,12579,3804
Bocarm Bag suede,1,5080,1429
Bocarthur Bag cow,3,14690,4750
Bodiam Scarf closet,2,7280,3628
Bohck Top bronte,5,5696,2508
Bohemia Jumpsuit print,6,2200,858
Bohemian Tshirt daphnea,6,6070,3146
Boho Top cerise,3,6488,2486
Bomb Jacket gold,3,2640,1144
Bomber Jacket miniprint,10,31381,13944
Bona Jeans colors,25,21886,11660
Bona Pant miniprint,15,19991,11371
Bonita Top desire,10,4136,1496
Bonnie Jeans denim,5,5674,1342
Bonnie Shirt marine,4,7873,3783
Bowie Tshirt cat,4,264,44
Brantlee Jacket regular,5,4224,1078
Bridget Shirt chambray,9,29138,14317
Brighton Tshirt capitan,5,2860,1144
Brighton Tshirt tiger,5,3585,1122
Brina Scarf closet,1,3233,1495
Bristol Bag crochet,4,14691,5804
Britney Tshirt cns,10,4136,1342
Bronte Top miniprint,3,3651,1760
Brooklyn Top print,6,1782,880
Brun Tshirt bananas,5,2134,770
Bsabena Skirt med,5,3145,902
Bsamelia Sweater striped,5,2266,814
Bsandal Cardigan buttons,12,14338,5610
Bsbasia Jacket risk,5,2706,946
Bsbernadette Tshirt peacoat,9,6576,2750
Bschrissiet Shirt tiger,4,10995,3475
Bsekin Skirt nice,5,4002,1386
Bsfarah Top provence,10,5764,1760
Bsfatima Dress print,5,5695,1144
Bsfatima Top printed,5,4113,1232
Bsfilo Skirt swan,5,3828,814
Bsfiona Jeans nova,5,3454,836
Bsgaigo Shirt print,5,3233,990
Bsgenny Sweater snow,10,4642,1408
Bsgoline Tshirt fired,5,4134,1716
Bshugo Cardigan acrilic,6,10488,3652
Bsjasmine Skirt mini,4,4222,2530
Bslacsin Sweater snow,4,4245,1738
Bslova Tshirt dreamer,5,8093,3542
Bsmaike Jumpsuit long,4,8995,3190
Bsmashu Skirt printed,5,8840,4244
Bsmegan Dress bow,5,5806,1606
Bsmia Tshirt angels,4,7829,4508
Bsomahana Sweater autumn,5,2222,1122
Bsomega Sweatshirt blendshe,5,4200,1760
Bspenelopes Sweater peac,5,2816,902
Bspippa Sweater flame,3,1826,528
Bsrae Pant short,8,4422,1782
Bsshirley Shirt print,4,7960,4134
Bstangier Sweater neck,4,1826,726
Bsterra Dress floral,5,7169,2970
Bsulfa Sweater blendshe,5,1892,946
Bsullon Tshirt blendshe,5,3168,1782
Bsullon Tshirt nice,5,4355,1716
Bsummi Sweater blendshe,5,3278,1496
Bsummi Sweater brand,5,5784,2948
Bsveron Skirt highweist,12,27534,10230
Bsviola Skirt mini,4,7104,3542
Bswilma Skirt mini,4,4970,2508
Bud Top shell,6,2200,770
Bufalo Scarf sew,2,14360,6906
Buffi Shirt dots,12,38266,15814
Buller Sweater cns,5,1782,660
Burle Jacket bomb,3,3585,1188
Buttons Jacket onado,5,3894,1694
Buttons Skirt maia,3,3540,1628
Buttons Skirt midi,4,9038,4310
Buttons Skirt ycoo,6,10006,3498
Buttons Sweater back,6,21441,8312
Buttons Sweater peak,3,6949,3101
Buttons Sweater season,3,2002,748
Buttons Sweatshirt colors,11,11656,3894
Buttons Top summ,9,14118,5500
Byaida Jacket young,28,36284,13860
Bybomina Jacket young,49,7348,2090
Bycirline Jacket belt,14,8426,2618
Bydala Coat button,16,2420,748
Bydanta Pant belt,28,15642,5962
Bydena Pant combi,8,3498,1430
Byfabianne Shirt stripes,14,16516,8580
Bygetagar Dress young,7,8422,2772
Bygina Dress long,4,3146,726
Bygina Top rib,5,2244,924
Byginny Top vneck,12,9722,4686
Bygitten Shirt placket,15,5082,2332
Bygrace Dress combi,5,2706,748
Byhabella Dress shirt,7,2684,1276
Byhabella Shirt young,7,7763,3938
Byhalima Dress slip,12,7875,2090
Byhelene Dress solid,6,5696,2266
Byhisla Shirt tunic,7,5278,1254
Byisole Jumpsuit print,13,8557,4268
Bykeira Jeans jegging,36,34093,17357
Bykiko Skirt knit,10,14316,6732
Bylola Jeans zipper,20,41523,19792
Bylola Pant bylikke,15,12668,5126
Bymalea Sweater basic,10,13150,5544
Bymalea Sweater crew,12,13679,5478
Bymalea Sweater rollneck,10,8182,3388
Bymalto Sweater jumper,12,3322,1386
Bymasja Sweater vneck,24,24588,10472
Bymoni Cardigan young,5,1254,484
Bynian Sweater oneck,6,6795,3542
Bynonina Cardigan pocket,24,38242,17490
Bypandina Skirt night,10,6776,2442
Bypatirice Top off,5,2046,946
Bypimba Cardigan long,18,12539,5896
Byplanet Tshirt text,5,3014,1166
Byralina Sweater pullover,12,6468,2750
Byrexima Tshirt oneck,16,4994,2376
Byrexima Tshirt vneck,18,5962,2882
Byrydra Skirt young,6,5872,2398
Bytollis T-shirt solid,5,2310,726
Bytudella Shirt v-neck,9,2552,924
Cable Sweater casual,10,13766,5346
Cable Sweater mini,7,2024,858
Cactus Top cerise,6,19549,8313
Cahier Foulard aurora,1,6509,1957
Cahier Foulard diana,1,5498,2045
Cahier Foulard juventas,1,5080,2001
Cahier Foulard minerva,2,9720,3914
Cahier Foulard vesta,1,4464,2023
Calandra Shirt bohck,15,15856,4070
Calantha Shirt bohck,15,13856,4004
Calie Jeans anna,5,3454,1980
Callia Skirt film,10,9899,3850
Callie Bag closet,2,11920,4376
Callipo Dress animal,10,15570,4642
Callipso Skirt film,5,6157,2420
Came Skirt print,3,4926,1694
Camilla Top lindex,3,4178,1562
Camille Pant black,4,2134,858
Cammi Jacket oliv,6,4334,1232
Camou Skirt onado,5,2992,968
Canale Tshirt season,9,6754,1958
Candace Shirt film,5,5585,1518
Candice Bag closet,2,12908,4376
Candy Bag closet,2,10336,4024
Candy Cardigan street,7,7939,3872
Candy Skirt stripe,5,4619,1012
Candy Sweater shirt,4,5806,2244
Canotta Tshirt fluor,6,880,396
Caprice Shirt print,3,2750,1254
Captain Skirt denim,3,2948,880
Cara Skirt leopard,5,2948,924
Caralie Shirt solid,8,7127,3564
Caramel Coat jcz,3,6135,1694
Caraugusta Jeans noos,4,4266,2354
Caraugusta Jeans skinny,8,44532,24915
Caravana Jacket biker,36,29959,14410
Caravana Jakect biker,4,3915,1518
Carawesome Pant aw,8,6599,2420
Carbernie Sweater round,2,1605,902
Carbetty Pant wide,4,2068,704
Carcarma Jeans jogg,4,5235,3014
Carcarma Jeans sk,4,1914,836
Cardemi Coat nylon,4,4179,2002
Cardemi Jacket nylon,4,2859,1254
Carflake Top mix,4,2816,1408
Cargo Jacket rut,5,1848,396
Carhalla Shirt stripes,4,1848,946
Carirena Parka merlot,4,8158,3190
Carjones Jeans skinny,4,5805,2574
Carla Top soft,15,14297,6864
Carlaura Dress stripes,3,1716,660
Carlis Top lace,8,6336,3080
Carlux Pant saint,4,1210,506
Carluxeve Top snake,4,2376,924
Carmelanie Jacket leather,4,6948,2882
Carmen Jumpsuit cerise,15,17418,8646
Carmira Top strap,4,792,418
Carmos Tshirt life,2,2310,1210
Caro Jeans gj,8,3848,1254
Caro Jeans vintage,9,9919,2530
Carol Bag acc,1,2023,748
Carol Dress majolica,9,8206,3586
Carplain Sweater knit,4,2662,1276
Carsherry Jacket out,8,6226,2948
Carsimoni Jumpsuit noir,2,1144,616
Carstorm Jeans noos,13,83040,48886
Carth Jeans noss,11,39385,19989
Carthund Jeans noir,4,4948,2749
Carthunder Skirt pencil,12,9920,4884
Carthunders Jeans noos,7,24234,14361
Cartina Skirt knee,2,1540,682
Carturner Top sky,4,1408,660
Caruby Parka short,4,7256,2904
Carush Dress knee,4,2288,858
Carush Top denim,4,1320,506
Carvalerie Jacket short,4,5124,2926
Carwespa Jacket look,4,3168,1628
Carwilly Jeans ank,4,3344,1826
Carwilly Jeans noos,5,25334,13679
Carwilly Jeans reg,14,17902,7609
Carwilly Jeans skinny,15,47786,26567
Carwilly Jeans straight,4,3783,1606
Casacche Top wide,6,1386,726
Cascadia Shirt film,5,4840,1760
Cassey Sweater vneck,3,1540,726
Cassidy Dress cruise,5,1738,660
Cassie Bag nice,1,2859,1275
Cassie Pant neo,15,13923,2574
Cassie Tshirt broderie,7,2838,770
Casual Bag leather,1,836,308
Casual Jeans denim,5,4070,1474
Casual Pant esprit,17,12976,4488
Casual Sweatshirt esprit,12,12184,5808
Cat Bag closet,2,7279,3210
Cathy Bag closet,3,9236,3783
Catrina Shirt cats,5,2838,792
Catrina Shirt fortune,5,4068,1364
Cecilie Pant short,19,11528,4070
Celal Skirt garance,6,13546,4356
Celes Bag closet,3,17044,6025
Celes Pant zeze,13,10032,3850
Celina Tshirt joules,15,3322,1694
Celise Shirt collection,12,6424,2662
Cello Jacket long,10,12623,5236
Cello Jacket soul,20,17794,5918
Cen Skirt check,5,2838,880
Cerise Dress long,6,12732,6421
Cerise Dress solid,15,32899,11527
Cerise Dress vneck,15,35933,12141
Cerise Jacket green,3,13194,4772
Cerise Jacket print,10,22717,8797
Cerise Jacket stripes,10,21001,6775
Cerise Jumpsuit solid,15,51855,22519
Cerise Playsuit solid,33,64617,27561
Cerise Playsuit tokyo,6,14316,5719
Cerise Shirt dots,6,11808,4994
Cerise Shirt print,3,5563,2310
Cerise Short summer,9,16494,7193
Cerise Skirt karai,3,7939,2464
Cerise Skirt long,3,3716,1210
Cerise Skirt pistachio,3,9918,2705
Cerise Top flower,6,12580,4862
Cerise Top juno,3,6003,2398
Cerise Top mykonos,3,10051,4683
Cerise Top okla,15,27138,12866
Cerise Top paris,10,20606,8094
Chain Dress summ,6,8203,2442
Chambray Shirt collar,5,4003,2156
Chanel Bag closet,3,12447,5167
Charior Skirt geo,4,8752,4156
Charis Bag bohck,1,4398,1693
Charis Bag closet,5,9456,4487
Charis Shirt film,5,6795,1870
Charlene Dress easy,4,4728,1408
Charles Skirt welsh,3,6092,2617
Charlie Sweater shine,8,10050,4180
Charlior Pant stripes,9,17637,6226
Charlior Skirt dalmata,4,9148,4068
Charlior Skirt mustard,3,4112,1870
Charls Pant jcz,6,4246,2310
Check Sweater button,6,1276,374
Checks Jacket nana,8,10864,4026
Chelsea Dress denim,5,1606,572
Chelsea Jeans oasis,7,1892,880
Chelsea Skirt boho,4,3585,1100
Chenilla Sweater clar,15,8732,2266
Cherry Jacket trench,6,14888,2002
Cherry Pant plain T. L C. brown,25,53438,22126
Cherry Skirt solid,10,21905,6864
Cherry Sweater print,2,1210,484
Cherry Sweater tie,2,1936,374
Cherry Top night,3,1320,352
Cherry Top paris,12,36834,14624
Chic Tshirt beach,8,5741,1452
Chino Pant belt,11,6050,3124
Chino Pant slim,29,24986,8976
Chloe Jeans smoke,5,2816,1122
Chocolate Skirt box,7,2816,902
Christmas Sweater ware,6,638,198
Chrysam Shirt print,5,10623,5365
Chunky Cardigan long,5,1540,572
Ciao Sweater eslogan,4,3585,1518
Cio Shirt blue,5,4289,1408
Circle Shirt colors,4,8973,4090
City Jeans toxik,5,2090,770
Clara Jeans denim,7,11961,5962
Clara Skirt mini,7,1100,506
Clarise Bag bohck,1,5520,1979
Clarise Shirt solid,9,29930,11613
Classic Cardigan buttons,7,2112,770
Classic Jacket blazer,4,4113,1078
Classic Skirt checks,3,7917,2947
Claudia Scarf check,1,1539,858
Claudine Jacket maca,5,2574,462
Clea T-shirt deeluxe,5,1848,924
Clean Short pant,7,2574,968
Clio Dress film,5,5147,1606
Cloanimal Scarf boiled,3,18473,7697
Clochecks Scarf washed,4,12843,4641
Clociguena Dress modal,4,8665,3189
Cloclassic Scarf raising,7,46774,17197
Clocollage Dress modal,5,8554,2947
Clocollage Shirt modal,5,4683,2002
Clocollage Top modal,5,5763,2969
Clocollages Top modal,5,6905,3014
Clofirma Dress modal,5,8554,2706
Clofirma Skirt modal,5,14030,5036
Clofirmamen Dress modal,5,11568,4355
Clograndjardin Shirt modal,5,5432,2838
Clogross Scarf raising,6,43125,15570
Cloimpala Shirt modal,5,5014,2178
Clojardin Shirt modal,5,5388,2750
Clojardin T-shirt modal,5,6993,2749
Cloross Jacket lamb,15,31889,9394
Closet Bag leather,2,6048,1408
Closet Bag nice,4,14603,4136
Closet Dress dakota,5,7674,1870
Closet Dress manhattan,5,8840,2024
Closet Dress michigan,5,6751,2464
Closet Dress texas,5,7739,2486
Closet Dress vania,5,6926,2640
Closet Jacket arizona,3,6092,1804
Closet Jacket candem,3,6993,2112
Closet Jacket colorado,3,3035,660
Closet Jacket illinois,3,5432,2068
Closet Jacket ohio,3,4200,924
Closet Pant oklahoma,5,6597,2200
Closet Shirt delaware,5,6641,2574
Closet Shirt iowa,5,6201,2332
Closet Shirt maine,5,7147,2244
Closet Shirt maryland,5,6290,2354
Closet Skirt kansas,5,6488,2684
Closet Skirt mexico,5,6135,2574
Closet Skirt saturno,5,7322,2728
Closet Skirt urano,5,5388,2618
Closet Top alabama,5,6421,2662
Closet Top alaska,5,6377,2332
Closet Top brick,5,6135,2310
Closet Top calipso,15,21790,6974
Closet Top chester,5,6092,2354
Closet Top georgia,5,6421,2068
Closet Top mays,5,5960,2596
Closet Top somerville,5,6642,2376
Closet Top tennessee,5,6553,2376
Closet Top titan,5,7850,2618
Clostole Scarf washed,2,10841,5718
Clotopos Scarf boiled,4,27137,10292
Coated Jeans skinny,5,1584,682
Coated Pant anna,10,18496,5500
Coated Pant lily,6,2024,836
Coated Skirt lui,12,9525,3872
Coaty Pant marine,6,7301,3498
Coco Shirt paradise,5,3102,1166
Coco Tshirt tank,8,4510,1100
Cold Top shoulder,6,2486,836
Collection Dress knitted,10,6951,2398
Collection Dress woven,5,4837,1232
Collection Jeans jogger,11,11614,2574
Collection Jeans stretch,5,3718,1210
Collection Shirt chi,15,5918,2420
Colorfull Jacket bomb,3,8136,3607
Colour Cardigan block,5,3233,1232
Columbine Tshirt knit,15,2464,1210
Colvi Sweater vneck,3,7499,2904
Combi Jumpsuit long,4,7653,2640
Combi Jumpsuit night,2,2925,924
Combi Jumpsuit summ,4,7806,2200
Concept Pant zeze,6,4686,1254
Confetti Jumpsuit dark,7,1078,594
Constance Top closet,5,1892,770
Constella Pant closet,5,4862,2376
Constella Top closet,5,3894,2244
Constelly Top closet,5,4092,2178
Contrast Shirt hem,6,3080,1232
Conventry Scarf checks,1,2089,990
Conver Top crepe,5,1078,396
Cooler Pant ycoo,28,87524,38488
Coralie Shirt solid,3,3299,1474
Coralie Tshirt metal,2,2419,902
Cosy Scarf checks,3,7851,4309
Cosy Sweater ribbed,12,2838,1166
Cosy Sweater split,7,2112,748
Coup Sweater soft,5,7323,2948
Couture Shirt print,3,4376,1496
Cphelen Dress paris,4,6201,1826
Cpiris Skirt poly,4,3804,1936
Cream Jacket bomber,3,11369,4551
Cressida Jacket film,13,9150,2090
Crew Sweatshirt star,5,2552,880
Crewn Sweater honey,10,19438,7260
Crinkled Shirt collar,2,0,0
Crissi Jacket brown,6,4092,946
Crissi Pant colour,5,2662,1100
Crochet Tshirt tee,11,6335,2266
Croix Tshirt cotton,6,7983,2662
Crossbody Bag suede,1,1605,594
Cupro Tshirt vneck,3,6377,2398
Curve Jeans body,5,8027,4487
Curvy Jeans one,1,15746,7873
Curvy Jeans plus,1,19506,9698
Curvy Jeans print,1,15702,5454
Cute Short pant,3,2002,880
Cyril Dress film,5,4575,1848
Dahlia Jeans freeman,10,9545,3278
Dainel Jeans toxik,5,11129,6729
Daisy Bag nude,2,7675,2946
Daisy Dress long,7,1826,814
Daisy Sweater embro,7,1650,990
Daisy Sweatshirt contrast,2,2177,594
Dala Jumpsuit summ,4,13569,4839
Dalias Pant summ,6,6357,2838
Dame Skirt print,3,4288,2090
Dana Bag nude,2,9632,3320
Dana Skirt pencil,6,6819,1958
Daniela Shirt print,5,9104,2772
Danine Sweater desires,5,3849,1738
Danta Pant belt,24,12364,3630
Danta Pant crops,84,84371,33396
Daphne Bag nude,2,9038,3716
Darcey Cardigan organic,6,2090,770
Darcy Bag nude,2,6971,2836
Dark Jacket denim,6,1232,396
Dark Jeans gj,12,11810,4664
Darlim Top cerise,36,54825,29781
Davi Skirt majo,3,7917,2815
Dean Pant cerise,4,12909,4508
Dede Bag bohck,1,1034,484
Den Skirt pencil,5,3915,968
Dena Jeans denim,5,3036,1122
Dena Pant jegging,5,1452,902
Dena Skirt solid,4,3915,858
Dene Pant denim,5,2508,1254
Deneen Dress fit,4,3080,1694
Denim Jacket sew,5,4201,880
Denim Jeans anna,10,7061,3696
Denim Jeans casual,5,13129,2882
Denim Jeans york,10,12910,5390
Denim Pant short,10,7039,1408
Denim Shirt tencel,6,9413,4927
Denise Dress stripes,9,20979,8446
Denise Skirt cerise,3,2881,1254
Deper Parka softy,3,2090,726
Derbey Foulard closet,1,5696,2661
Desfarima Dress buttons,6,10645,4838
Desfatana Shirt cotton,6,7763,3234
Desfatana Top stripes,6,10403,4750
Desfenna Sweater stripes,6,8907,4157
Desfiona Pant squared,6,4618,1056
Desfleur Dress viscose,6,11304,5014
Desflicka Trench jacket,12,22763,7194
Desflorence Pant cotton,5,7741,3036
Destroyed Jeans skinny,5,2002,726
Detail Bag event,1,2199,1056
Details Tshirt season,9,20605,9105
Dezie Jeans denim,10,5719,1870
Dial Top cerise,3,1584,726
Diane Bag nude,3,8687,3188
Dick Sweater vneck,6,10071,3542
Dickens Skirt shine,3,5828,1540
Dima Shirt basc,12,16385,5983
Dimas Jacket denim,5,10359,3938
Dina Sweater knit,15,12470,3564
Diona Skirt midi,10,17307,5104
Dita Dress sharp,4,4135,1342
Dita Sweater desires,15,10251,5060
Ditsy Top floral,6,2002,682
Dixie Pant jegging,9,6842,2090
Dodo Sweater desires,16,9568,3652
Doll Shirt season,6,7873,2970
Doll Skirt gold,3,2420,704
Dollie Sweater six,20,8118,2662
Dora Pant film,10,12315,3564
Dora Tshirt season,12,24495,10888
Doro Dress embroid,4,836,66
Dots Jumpsuit long,4,3080,1166
Dots Shirt majolica,6,13019,5674
Dots Shirt season,3,2200,1188
Dots Shirt tie,3,2332,1012
Dots Short cerise,9,8753,3850
Dots Top charlior,7,13723,7192
Dots Top tailor,5,3695,1430
Dots Tshirt film,3,3277,1694
Dotts Shirt cerise,6,8728,4708
Dotty Top printed,6,10532,5654
Dou Jeans onesize,20,347285,165154
Douglas Cardigan shine,8,14955,4290
Dover Scarf closet,3,13590,5871
Dream Top film,5,3938,1848
Dree Shirt floral,10,4466,1694
Dubley Foulard closet,1,4794,2067
Duna Jacket origin,10,7546,3124
Dungaree Jumpsuit denim,7,2816,770
Dunstand Scarf nude,2,6928,3232
Duo Top cerise,6,10446,4422
Durham Scarf closet,2,7961,3254
Dust Short summer,2,5256,1782
Dusta Skirt doll,4,9610,2684
Eastside Shirt cotton,4,154,44
Ebro Skirt jupe,4,1760,418
Edadala Coat woven,4,1518,506
Edbasic T-shirt oneck,20,12760,4510
Edbelt Dress knit,4,4376,1210
Edchecked Dress knit,4,4068,1210
Edge Cardigan long,7,2508,902
Edherringbone Shirt woven,8,12315,4796
Edhr Jeans skinny,4,2728,1122
Edhre Jeans skinny,4,2728,1056
Edith Pant beng,12,8382,2178
Edly Tshirt desires,12,14580,6534
Edopen Cardigan knit,5,7015,3146
Edstructure Sweater ocs,5,6136,3146
Edtwo Sweater knit,8,6402,2200
Edu Short stripes,3,1584,814
Edua Sweatshirt desires,6,6378,2684
Egipt Jakect bomber,3,2969,1518
Eleni Pant sew,10,9547,3828
Eli Dress print,3,1738,792
Eli Jeans flow,5,3410,792
Elibel Sweater arav,16,11856,4906
Elida Pant deeluxe,10,4026,1584
Elin Top dusty,4,4267,1518
Elina Jeans sea,10,4048,2134
Elina Pant sew,10,8580,4070
Elina Sweater blaz,13,7018,2772
Elina Sweater lurex,5,2244,858
Elioh Tshirt off,6,2596,704
Elise Sweatshirt hoody,5,2354,1012
Eliza Jacket denim,6,2266,1408
Elle Tshirt cotton,15,7414,1870
Ellen Pant high,5,1298,440
Ellen Sweatshirt orange,5,1518,506
Elli Shirt flowers,6,8093,3872
Elli Skirt midi,15,20140,5940
Elly Jeans denim,6,5850,1738
Elly Skirt iced,12,3828,1254
Eloha Tshirt desires,12,8928,3982
Elos Dress multi,5,2970,990
Elsa Jacket mid,8,1408,726
Elsa Shirt leopard,5,1870,396
Emba Dress nude T. L C. black,10,10867,4180
Emball Top nude,10,8953,3168
Emil Pant summ,3,4156,2112
Emily Jacket denim,5,3938,1452
Emin Dress flax,5,2112,814
Emirate Scarf sew T. UNQ C. ecru,1,5432,2529
Emma Jacket bomber,3,4947,2024
Enduit Pant onado,10,7190,3410
Enest Skirt majolica,3,4530,1650
Enugu Tshirt day,6,4816,1100
Envy Jeans denim,5,4927,1320
Eos Jacket peach,3,1364,528
Epaper Pant fit,35,23294,7172
Epaper Short naf,12,14360,5456
Eriel Short loose,6,3014,1342
Erika Jean fashion,15,99489,40575
Erin Jeans izaro,10,64040,26917
Erin Jeans medium,15,69317,28855
Eris Playsuit button,4,5476,2486
Eros Sweater rue,11,37848,9986
Esme Sweater stripes,11,4136,2310
Espamaia Sweater rollneck,8,5500,2156
Espamelia Pant knit,4,4289,1716
Espblazer Jacket formal,5,7367,2860
Espmulti Shirt coloured,4,6772,2640
Espnoos Sweater nice,20,13332,6006
Espnoos T-shirt blousy,4,2596,1298
Espnoos T-shit nice,4,2662,1210
Esprit Bag shopper,2,3716,1342
Esprit Cardigan woven,10,24409,8844
Esprit Dress knit,4,2903,858
Esprit Jeans denim,5,3256,1232
Esprit Pant culotte,5,3300,1364
Esprit Shirt flow,5,2772,1364
Esprit Shirt woven,5,2904,1276
Esprit Top coli,5,2882,1562
Espskinny Jeans denim,4,5036,2442
Esptrim T-shirt lurex,15,17571,8822
Essie Dress navy,4,9588,3454
Estats Jeans skinny,5,7829,3652
Ester Tshirt blush,11,3476,990
Eton Sweater cherry,9,22321,5720
Eugene Tshirt cks,6,5014,1364
Eugenia Dress sew,5,5872,1826
Eunice Skirt sew,5,5498,1958
Eurydice Top nice,9,1166,242
Evadne Shirt sew,10,10646,2464
Evans Top ruffle,10,2134,858
Evelyn T-shirt Stripes,6,2156,792
Everyday Jumpsuit luxe,5,3102,990
Exet Foulard closet,2,9082,4332
Eyes Jacket bomb,3,6510,2464
Eyes Shirt printed,6,8752,4686
Ezhou Tshirt melee,6,5234,1210
Fabianne Shirt stripe,12,5698,2354
Fabiola Shirt collection,10,4686,2068
Fabiola Sweater basic,5,5520,1958
Fabric Shirt sky,5,2926,1474
Facampa Shirt flower,7,9852,4642
Fall Jeans toxik,10,14273,7171
Fallow Jacket gilet,26,5984,2288
Fano Jeans denim,4,3848,1012
Farlala Skirt midi,16,16473,5786
Farm Dress ycoo,4,2354,1254
Fashion T-shirt collection,10,4070,1716
Faux Skirt leather,6,2024,748
Faux Skirt seamed,12,3388,1430
Feather Top cerise,3,5167,2464
Feather Tshirt print,6,1892,946
Fein Sweater vneck,6,8444,3696
Feli T-shirt print,5,2376,528
Felicity Shirt aot,6,2706,1386
Felp Dress canale,4,5145,836
Femme Jacket summ,4,7762,2464
Femme Sweater mohair,48,44841,16940
Ferial Top majolica,15,10931,5808
Fiery Tshirt plains,10,6907,1980
Filarmonique Scarf wool,5,35340,12491
Filena Cardigan nais,5,26280,9147
Filfirm Scarf wool,1,8049,2661
Film Bag autum,1,2617,946
Film Bag spring,1,2551,1078
Film Bag summer,1,3277,968
Filomena Scarf wool,2,15614,5586
Filoslo Scarf wool,2,16582,5498
Filoso Scarf wool,1,6927,2815
Filosos Scarf wool,1,7257,2881
Filpardo Bag suede,1,7323,1759
Filpaule Bag cow,4,28369,7080
Filperea Bag cow,1,4464,1451
Filperla Bag suede,3,16626,5629
Filpila Bag suede,1,8335,1913
Filpippin Bag suede,1,5674,1495
Filpisa Bag foil,1,5476,1759
Filpott Bag snake,1,5344,1715
Fina Scarf stampa,1,4486,1671
Finnny Sweater ranglan,8,3234,1078
Fiona Jacket denim,5,4487,1166
Fira Dress origin,5,3278,836
Fisland Sweater nordic,8,4708,1716
Fit Pant wideleg,6,1650,990
Flami Dress light,6,2222,836
Flamingo Skirt print,5,1826,594
Flare Jeans kick,5,4311,572
Flavia Short plain,12,21199,7986
Fleur Skirt charlior,2,2551,748
Flima Top cerise,3,3914,1408
Flintstone Pant short,2,836,308
Floaty Shirt sati,10,3476,1540
Flonce Top cerise,4,10358,3058
Floral Scarf square,1,1803,726
Florencia Jumpsuit uni,10,7390,3080
Flori Scarf naf,1,5124,2397
Florida Trench sof,20,22320,8008
Florrie Dress dots,5,3058,792
Floun Pant charl,11,36703,12031
Floun Shirt cerise,3,6025,2002
Floun Top colors,13,30127,13922
Flow Jacket blazer,6,8204,3717
Flow Short gj T. L C. grey dark,10,12512,6270
Flow Tshirt contra,5,6553,3366
Flowa Dress mustard,2,6466,1760
Flower Jacket bomb,3,3870,1562
Flower Pant smock,5,1122,308
Flower Pant stamp,3,1672,814
Flower Scarf big,2,3760,1210
Flowers Dress cerise,6,8664,3674
Flowers Dress majo,2,0,0
Flowers Shirt season,3,2024,1056
Flowers Shirt ycoo,3,2155,990
Flowers Top cerise,9,9545,5654
Fluent Dress itta,18,24983,9328
Fluffy Coat jcz,3,3386,1078
Fluit Top kale,9,10689,3872
Flurs Pant emijo,3,3717,1254
Flux Jacket verte,6,7148,2354
Forth Coat cerise,6,10160,3146
Fqadina Jeans straight,11,12624,5565
Fqagnes Skirt printed,9,6402,3388
Fqfaviola Skirt printed,10,7436,3058
Fqjone Sweater block,18,13966,7392
Fqlolly Pant solid,18,23926,10890
Fqsolvej Pant ankle,12,13612,7656
Fqtilli Jacket olive,7,11370,4070
Fqyr Jumpsuit solid,15,9922,5060
Fragola Skirt stripes,5,2112,638
Francisa Top draper,12,4840,1540
Fransesca Sweater night,5,2310,858
Franzu Sweater basic,6,5982,3696
Frassor Coat outerwear,6,3300,1276
Frbilly Skirt solid,6,2398,946
Frcayellow Jeans colors,10,8512,3542
Freeisadora Skirt short,4,6069,2530
Freeman Jeans mavuto,4,1826,726
Freemito Pant shannon,4,8313,3168
Freesasi Tshirt highneck,8,2596,924
Freesiga Dress kali,4,6289,2552
Freeviba Sweater highneck,8,2772,1298
Freja Pant holly,14,13242,5390
Fremretta Sweater stripes,12,5434,2068
Fremshimmer T-shirt stars,6,2948,1364
French Dress brunella,5,3079,836
French Dress connection,5,2706,748
French Dress eleonore,5,3629,726
French Dress fifine,5,3255,528
French Jacket ava,9,5213,1452
French Jeans denim,58,27078,11594
French Jumpsuit bessie,4,1804,484
French Shirt blair,5,2662,616
French Shirt rhodes,8,5456,1672
French Skirt farmhouse,6,1034,550
French Sweater abba,12,5478,2156
French Sweater ebba,8,5192,1210
French Sweater nocturnal,5,1408,638
French Tshirt tim,5,2288,726
Frescube Jacket outerwear,7,396,198
Frhatre Coat outerwear,6,88,22
Frhazavisk Shirt mix,2,0,0
Friche Shirt solid,34,26216,10318
Fritblaze Pant print,5,2156,1056
Fritdotsa Dress printed,4,4596,1870
Frsaint T-shirt sms,12,5522,2134
Frsiga Dress solid,10,1782,682
Fuma Sweater night,12,9985,3212
Galadies Top woven,1,88,22
Gales Skirt cerise,3,1342,616
Galina Dress zebra,5,3981,748
Gallo Skirt rubi,1,44,22
Gally Jeans slim,12,4730,1826
Garden Dress cerise,3,1804,396
Garden Shirt cerise,6,10227,5255
Garden Skirt denim,5,4619,2002
Gardener Top lili,6,10598,3674
Gema Dress cerise,3,3760,1276
Gema Sweater charlior,4,2925,1078
Geo Fular top,2,3189,1012
Geo Shirt cerise,3,3233,1210
Geo Skirt colorful,5,1760,572
Geom Jacket cerise,3,3013,1188
Geom Shirt noogat,3,3672,1760
Geom Shirt shell,3,1540,594
Geometric Skirt lili,3,5960,1760
Georgia Jeans crop,21,7942,2266
Ghenif Sweater silvian,16,10735,4884
Gia Tshirt desert,12,4422,2002
Giacche Jacket long,5,1936,484
Gilet Cardigan lurex,3,12161,3892
Gilly Top season,4,4420,2464
Ginger Dress lace,5,3652,1386
Giubbino Jacket plain,4,1078,440
Gjbota Pant long,4,5784,1628
Gjbotanic Sweater knit,15,20999,9152
Gjmoon Shirt collar,5,6048,2838
Gjrosso T-shirt knit,20,17573,8470
Gladis Shirt solid,15,19794,7963
Glasgow Tshirt grette,15,15178,7898
Glitter Top night,7,2596,946
Glitter Tshirt peak,3,1650,616
Gmsurimi Top cap,10,14446,6490
Gold Dress cerise,3,3475,1166
Gold Jacket bomb,6,4619,2156
Gold Shirt noogat,6,3850,1672
Gold Tshirt details,12,22143,8844
Golden Shirt rod,5,2310,880
Golden T-shirt summer,5,5365,1782
Goldy Dress cerise,6,12820,4993
Goldy Shirt season,3,6531,2948
Golight Jacket joules,6,1276,330
Golightly Jacket solid,8,550,198
Grace Jeans denim,21,34022,14142
Gracie Dress dotty,6,2926,946
Great Dress dots,5,4179,1078
Great Pant night,5,3784,1144
Great Pant summer,5,2706,946
Grenat Tshirt vic,5,2112,638
Gumm Pant place,15,11834,5236
Hadiadi Jeans denim,4,8379,1958
Hailey Pant crop,6,1958,946
Hailey Playsuit flower,6,3146,814
Hailey Top ethnic,6,2112,858
Hainaut Dress fantasy,4,2354,638
Hainaut Dress flower,5,2046,638
Haiz Tshirt ss,9,4048,1848
Hally Skirt print,3,4112,1254
Hamed Jacket down,4,3585,1298
Hamilton Scarf deeluxe,2,1870,1012
Hanea Short mazarine,3,2156,858
Hanna Cardigan knit,5,2508,902
Hannah Tshirt knit,20,4312,2376
Happy Skirt belt,6,5368,1782
Harlowb Sweater striped,4,2552,1606
Harpen Sweater jumper,6,2178,924
Harrotage Jackect joules,21,4928,2002
Hawk Top bohck,15,10912,4400
Hayden Dress tunic,7,2442,902
Haylie Sweater draw,6,5741,1826
Hays Skirt ycoo,3,7565,2551
Haywood Cardigan bay,7,2222,836
Haywood Cardigan knit,12,4246,1782
Haze Sweater knit,8,4246,1694
Heart Shirt tie,2,770,198
Hearts Dress season,3,0,0
Hearts Skirt mini,3,6223,1782
Heather Jacket bomber,6,10842,4025
Heaven Jumpsuit long,3,2969,1364
Hedda Skirt strong,5,5477,1870
Heidi Jumpsuit dusty,4,4091,1232
Heild Tshirt mc,10,5279,2288
Helene Shirt cerise,3,8995,3212
Help Tshirt dixie,2,1012,440
Henley Tshirt fem,15,12119,4202
Henrietta T-shirt print,5,4663,1672
Heron Sweatshirt brakeburn,5,2618,880
Herrin Jeans highwaist,5,4554,1870
Hesford Pant joules,22,7326,2530
Hestia Skirt pencil,5,1716,814
Hiaz Skirt ycoo,6,31359,11810
High Jeans rise,4,2178,858
Hila Top luxe,24,9768,3894
Hippie Dress mustard,3,6355,3124
Hippie Jacket bomber,3,7939,3739
Hippie Playsuit nice,4,8598,3652
Hippie Shirt geo,6,7434,2970
Hippie Tshirt french,9,15394,5676
Hizto Jean denim,1,56803,19352
Hoja Dress detail,11,10097,4818
Holly Shirt light,5,6071,2288
Holly Shirt white,6,13194,5126
Honey Shirt lined,1,0,0
Hooded Sweatshirt zip,19,9196,3300
Hoody Sweater stripe,6,2904,902
Hope Jeans jaquard,7,4026,1342
Hous Dress star,6,3432,902
Huil Jeans anna,5,3849,1892
Huit Sweater majolica,10,13371,4575
Hummingbird Dress blue,5,3036,1078
Hurricane Jeans dark,5,1650,374
Hwbella Jeans holly,4,5542,2486
Hwsun Shirt holly,4,6355,3058
Hyaden Dress colorfull,7,1980,770
Iaruby Scarf ichi,1,3321,1166
Icmarrakech Dress miniprint,11,10294,3784
Icon Skirt flowers,6,8972,2904
Icone Skirt hearts,6,8926,2772
Ida Pant cropped,5,5587,1870
Idrissia Sweater race,11,704,242
Ihafilikke Top print,6,4926,2112
Ihalpa Cardigan aqua,12,32942,13174
Ihalpa Tshirt clay,36,15972,8492
Ihamara Cardigan sugar,8,2926,1232
Ihangela Tshirt yolk,12,9479,3212
Ihasilo Shirt placid,18,9832,4202
Ihasilo Shirt wine,5,6377,2112
Ihastik Jakect denim,10,7678,2684
Ihastik Pant solid,5,1804,616
Ihbarbara Dress short,4,2904,682
Ihbelinda Dress season,12,9106,2464
Ihbrunse Dress noir,6,3080,572
Ihcatarina Dress stripes,10,13743,4730
Ihcayce Tshirt stripes,18,8140,2992
Ihcerise Pant solid,5,5014,1804
Iherin Jeans slim,5,7852,3475
Ihfernanda Short solid,5,4575,1584
Ihfernando Dress classic,10,11568,3608
Ihfoal Dress midi,4,2904,858
Ihgreenfire Sweater maroon,6,1848,924
Ihgusto Jacket denim,12,10579,4642
Ihhuva Skirt denim,6,4223,1232
Ihingrid Jacket blazer,6,6312,1254
Ihjamina Skirt palace,6,3696,1122
Ihjanella Dress printed,6,4202,1584
Ihjanella Top print,6,6048,2662
Ihjanella Tshirt printed,6,4949,2046
Ihkaia Tshirt origin,6,2728,990
Ihkate Dress vneck,10,12689,4290
Ihkate Jacket andorra,5,4399,1474
Ihkate Jacket blume,6,10182,4444
Ihkate Jacket check,5,6355,3410
Ihkate Jacket four,12,7699,2178
Ihkate Jacket leo,18,12648,4356
Ihkate Jacket print,5,4091,1452
Ihkate Jacket spring,6,3476,1012
Ihkate Jacket square,6,9500,4378
Ihkate Pant sky,18,14320,4928
Ihkate Pant spring,6,4069,990
Ihkimana Shirt nice,4,3168,814
Ihlisa Dress sleeve,6,3344,1144
Ihlisa Skirt sweet,6,2442,1122
Ihluna Tshirt ichi,12,5192,1716
Ihluva Jeans wash,5,7697,2178
Ihma Sweater nice,46,75785,30945
Ihmafa Cardigan sweet,2,2991,836
Ihmara Cardigan colors,36,28704,10648
Ihmara Sweater palace,12,5214,1848
Ihmarrakech Dress fluid,10,9436,5038
Ihmarrakech Pant fluid,10,7766,3806
Ihmarrakech Shirt dots,6,2860,1034
Ihmarrakech Skirt mus,6,1914,902
Ihmarrakech Skirt safari,6,2508,946
Ihmoto Tshirt wide,6,3982,1826
Ihrebel Tshirt total,30,20324,9328
Ihsofie T-shirt solid,4,2024,770
Ihstampe Jacket denim,30,41476,17930
Ihtiffany Pant arona,5,3520,1012
Ihtiwana Tshirt text,5,2200,924
Ihtulle Shirt stripes,10,3520,1672
Ihtwiggy Short denim,10,6577,3124
Ihvera Top arona,5,3014,1452
Ihvera Tshirt amber,6,7521,4224
Ihyildiz Tshirt lab,11,7588,3630
Ikaro Shirt hippie,6,12116,6204
Ikclair T-shirt tsh,4,4618,1672
Ikdebardeur T-shirt less,4,4244,1672
Ikivoire T-shirt tsh,12,12338,3938
Ikka Sweater ycoo,2,902,220
Ikmarin T-shirt tsh,4,6223,1606
Ille Top majo,6,5411,2310
Ima Jacket joules,8,2090,506
Ima Skirt season,2,1606,770
Imprime Top camel,4,4882,1562
Ina Top wrap,5,1826,528
India Top sweaters,18,7282,3190
Indie Bag anhka,1,4750,1737
Indo Pant printed,3,3893,2222
Ingun Tshirt sc,5,2024,770
Inside Shirt print,7,2288,836
Intime Top charlior,21,33033,17485
Into Dress jungle,6,1738,792
Iona Dress wdc,10,14931,3564
Ipnosy Scarf lurex,4,16097,5563
Iris Jumpsuit floral,5,2090,682
Iris Pant holly,7,8599,3850
Isa Dress dusty,5,10819,2574
Isabel Scarf print,1,1451,572
Isabella Pant ankel,12,12007,4774
Island Tshirt vida,8,10379,2706
Itfloral Jacket bomber,3,1364,462
Itsolid Dress hippie,3,4002,1826
Itta Pant denim,88,152740,65823
Ivan Top ware,6,2024,748
Ivy Jeans dark,5,8071,3432
Ivy Tshirt mix,18,14121,5786
Ixrosa Tshirt express,12,4004,1078
Izaro Jeans erin,5,3651,1166
Izaro Jeans slim,5,4421,2266
Jacey Shirt pepper,5,3586,1496
Jacinda Foulard film,3,7587,3342
Jacinthe Foulard closet,3,8730,3804
Jacker Jumpsuit striped,4,6729,2948
Jacky Pant stripe,3,3254,946
Jacquard Scarf sun,2,4508,1562
Jacy Skirt denim,4,4925,2420
Jacy Tshirt one,14,33228,13900
Jade Shirt print,3,3782,2046
Jade Top cerise,9,5456,3652
Jais Shirt majolica,6,3894,1672
Jaliva Parka solid,6,8335,3146
Jamaica Dress print,3,2420,1188
Jana Sweater knit,3,5366,2089
Jane Jeans skinny,8,10137,5258
Jane Parka vest,2,792,264
Jane Shirt off,8,8247,4334
Jane Top flying,6,1474,484
Japan Shirt season,4,1892,770
Jara Pant short,3,4970,1782
Jara Short pant,6,5038,2420
Jare Dress cerise,6,4399,1518
Jarei Skirt cerise,6,5830,2750
Jarrel Cardigan mine,3,2926,638
Jason Shirt ocre,6,15328,6817
Jaune Dress majolica,3,3167,1276
Jaylene Sweater diff,3,3629,968
Jaylo Pant heritage,4,1980,682
Jeanne Shirt dusty,5,4245,1562
Jeil Pant colours,3,1562,528
Jeki Shirt chain,5,3871,1188
Jenna Pant who,12,7656,2750
Jenny Tshirt cognac,20,17292,5984
Jeno Foulard closet,3,12162,4683
Jers Cardigan zeze,6,6137,3014
Jessica Dress fruit,5,1936,572
Jinx Jacket eight,7,4092,1694
Jiya Sweater pull,5,1826,704
Jog Skirt happy,10,17550,7412
Johnson Cardigan knit,1,0,0
Johnson Shirt bohck,6,7059,3344
Jone Cardigan soft,18,27202,11462
Joy Pant garcia,11,14559,5852
Joy Shirt giraffe,5,2310,682
Jralwia Dress knee,5,1958,814
Jrannie Shirt combi,4,1496,506
Jrarya Pant flow T. L C. black,6,4465,1562
Jrarya Top juna,5,3520,1672
Jratalia Pant nw,5,3080,990
Jrbillie Sweater cabernet,8,4752,2398
Jrfashion Jeans noos,11,87944,35647
Jrfive Jeans mahela,5,2090,924
Jrfive Jeans shape,5,14492,6972
Jrfou Jeans denim,5,9389,4664
Jrfour Jeans noos,2,2353,1386
Jrkokozinfa Parka juna,3,1606,462
Jrlobe Dress midi,5,2310,704
Jrmadalan Short nice,5,1672,704
Jrmonica Dress sleeve,3,2508,814
Jrqueen Jeans arisha,6,1958,924
Jrqueen Jeans denim,7,47127,18100
Jrqueen Jeans slim,6,3277,1716
Jrsaeta Sweater knit,3,1628,792
Jrsavannah Skirt leather,5,2266,528
Jrsavia Shirt sleeve,6,2508,1034
Jrsmilla Pant ankle,5,1848,858
Jrtracy Shirt dots,6,1144,572
Jrzalaz Shirt garden,6,1562,660
Jrzerodaria Jeans juna,6,1452,660
Jrzeronova Jeans noos,2,462,330
Juane Cardigan gilet,3,15767,4947
Juas Jumpsuit mika,5,2530,792
Jule Sweater colors,8,8753,4158
Julia Jacket light,3,1716,836
Juncal Top nude,5,3476,1914
Junco Jackect kimono,3,5476,2068
Junco Shirt nude,8,6534,3124
Jungla Scarf sew,2,15173,6311
Jungle Jumpsuit print,5,2200,946
Jungle Top ware,5,2090,924
Juse Pant charlior,12,4180,1716
Justine Dress jurassic,5,1804,814
Kaandy Jeans denim,2,2880,1584
Kace Pant cerise,3,10952,3234
Kacia Tshirt numph,9,3322,1056
Kadaluz Skirt plaid,6,3850,1122
Kafie Tshirt optical,6,2354,1056
Kaia Foulard film,2,7125,2683
Kakira Shirt v-neck,7,3564,1408
Kalica Foulard film,2,10292,3980
Kaline Dress signe,7,4092,946
Kalonice Foulard film,2,8906,3650
Kalucy Dress fit,6,3432,924
Kalykke Skirt bci,6,3586,1408
Kansas Tshirt fit,12,6094,1870
Kara Foulard closet,2,7939,3166
Kara Shirt casual,5,2596,990
Karios Foulard closet,3,5806,2046
Karissa Foulard film,2,9236,3804
Karit T-shirt print,6,5542,1782
Karl Jeans toxik,6,8379,4971
Karla Cardigan buttons,3,6509,1716
Karlotta Dress flora,6,3058,1232
Kassia Foulard cahier,2,11722,3804
Kate Jacket knit,168,683957,310554
Kate Jacket spring,6,9302,4136
Kate Jeans denim,5,7873,3388
Kate Pant mazarine,41,38246,17159
Kathytu Skirt tube,6,2178,1056
Kavicky Jeans denim,2,3518,1606
Kavive Sweater deep,12,4378,2090
Kawilla Shirt flower,7,2948,1386
Kayla T-shirt solid,12,5236,2596
Keira Tshirt lace,7,2332,836
Keire Jeans chino,15,14516,5258
Kellie Sweater joules,13,4246,1716
Kelvin Skirt cerise,9,17330,7259
Kentucky Shirt melange,5,3740,1804
Kenzo Sweatshirt one,6,5212,2948
Kigali Jacket denim,4,2728,506
Kika Shirt stripe,6,5630,1606
Kikitan Skirt midi,4,4002,1672
Kilibbi Shirt print,2,2771,946
Kilibbi Skirt dots,2,1584,396
Kilibbi Skirt print,2,3386,858
Kilky Jeans porter,5,4553,1540
Kim Top rut,5,3124,1276
King Skirt garden,4,3936,594
Knit Skirt lala,3,3980,1034
Knitted Pant regular,18,8822,3212
Knot Shirt striped,6,4971,2222
Kora Jeans skinny,5,2442,1144
Kusi Short pant,9,8513,3718
Lace Top camisole,15,10670,4400
Lace Top vnek,15,33206,13002
Lace Tshirt mix,15,25708,11462
Lacy Shirt round,15,12999,4180
Ladies Jacket rain,15,2310,858
Lady Dress bracken,10,8359,1892
Laia Cardigan touch,5,1826,506
Laia Jeans sky,5,3058,858
Laia Shirt rue,3,2442,902
Laila Shirt striped,6,2816,1210
Laila Top solid,6,7565,3102
Lais Jacket print,3,4837,2376
Lala Sweater knit,12,6644,3080
Lalange Dress numph,4,2750,660
Lallo Jacket film,5,9280,4685
Lalo Skirt film,5,3740,1298
Lana Skirt denim,6,3828,1034
Lander Scarf cahier,1,5476,1957
Laras Tshirt order,5,1540,660
Laria Scarf cahier,1,5916,2155
Lau Dress lily,6,2112,638
Laura Cardigan knit,4,924,506
Laura Jacket jo,20,38334,15992
Laura Jacket nice,24,56606,20240
Laura Jacket paris,110,377637,157422
Laura Jacket soft,8,6798,3410
Laure Dress itta,3,2530,1078
Laurie Shirt mustard,2,5894,1540
Laurie Shirt print,2,6378,1364
Lavender Jacket bomber,5,12360,6487
Laycee Top antra,5,9699,3761
Layna Scarf cahier,1,6663,1913
Lazarus Jacket tiffosi,15,9017,4114
Lea Cardigan pocket,10,19222,6776
Lea Dress pint,5,2728,770
Lea Dress studio,6,4443,1320
Lea Top charlior,3,3695,1430
Leaf Jacket vert,9,14009,5257
Leaf Shirt tree,3,4947,2178
Leafs Pant season,3,7851,2882
Leah Scarf cahier,1,7961,2155
Leandra Scarf cahier,2,12073,3826
Leather Bag gold,1,836,330
Leather Jacket sheep,5,0,0
Leav Scarf visc,1,1847,1012
Leeds Scarf closet,2,7652,3540
Leeds Shirt grette,10,18320,8424
Leelogo Tshirt basic,16,32219,15438
Leeone Shirt pocket,4,1144,440
Leessential Tshirt slim,8,16956,6971
Leila Skirt animal,5,2816,836
Leila Top ycoo,2,5784,2067
Leire Jacket cerise,3,4771,2266
Lena Dress print,5,9412,2574
Lena Jacket colors,45,70507,28248
Lena Shirt collar,10,17109,7237
Lena Shirt studio,2,1276,418
Lenas Jeans colors,10,17153,7282
Lence Top garcia,5,2112,880
Lence Top season,6,4686,2024
Lener Dress ycoo,4,6884,2706
Lenka Pant phase,5,66,44
Leo Dress moi,6,2816,616
Leo Jacket blazer,3,7126,2551
Leo Jumpsuit printed,3,2442,814
Leo Shirt cerise,3,1958,968
Leo Skirt charlior,4,8686,3167
Leo Skirt majolica,3,1166,638
Leo Skirt printed,1,7917,2573
Leona Skirt denim,5,2816,748
Leoni T-shirt deeluxe,15,6314,2332
Leonidas Scarf cahier,1,7521,2045
Leonie Dress stripe,5,1694,616
Leopard Jumpsuit print,7,2398,814
Leopard Pant print,4,1914,550
Leopard Sweatshirt dixie,5,1826,572
Lere Top majo,3,2903,836
Leroy Jeans atlantic,2,88,22
Lesa Shirt saint,5,2134,902
Lesta Top night,3,3168,1188
Leyre Shirt forest,3,1672,880
Lia Tshirt sew,5,7278,2112
Liab Skirt majolica,3,4398,1782
Liah Jumpsuit printed,4,4398,1144
Liam Top cerise,3,1716,946
LibertÃ© Tshirt colors,3,6466,2551
Libra Top solid,35,45460,18147
Lidia Cardigan lace,8,1760,902
Liel Top ceris,3,6598,2705
Likke Skirt denim,39,23603,10274
Lila Tshirt film,5,6839,3058
Lilah Scarf cahier,1,6399,1869
Lili Jeans flow,5,3498,946
Lillian Scarf cahier,1,5762,1979
Lillo Jacket film,5,9083,4091
Lilly Jeans comfort,1,14206,6993
Lilly Jeans cropped,5,1342,704
Lilly Jeans denim,16,19088,7788
Lilly Shirt lindex,4,528,286
Lily Jeans rise,6,3608,1408
Lima Foulard closet,1,5102,1869
Lima Skirt tie,46,106177,41723
Limba Foulard closet,3,4509,1100
Limbo Scarf stola,2,9302,3606
Lime Shirt light,6,7478,2860
Lina Cardigan longer,12,55591,21353
Lina Pant short,12,10052,4334
Lina Shirt light,3,3585,1210
Lina Top back,9,15108,5280
Lina Top moi,3,2508,1210
Lincoln Bag closet,2,8136,3562
Lincoln Scarf closet,2,6906,3188
Lindex Jacket belt,12,21903,4576
Lindex Jeans denim,4,4156,1650
Lindex Jeans season,4,5058,1694
Lindex Pant hannah,8,18473,6619
Lindex Pant nice,4,5058,1782
Lindex Pant suede,10,9698,2068
Lindex Shirt day,5,5519,1188
Lindex Shirt dots,5,11083,5191
Lindex Shirt fashion,5,5321,2090
Lindex Shirt stripes,5,5102,2068
Lindis Scarf closet,2,6158,2793
Line Dress closet,8,1782,462
Line Scarf jaune,1,1957,1034
Linen Dress square,7,2244,792
Linen Shirt cotton,7,2530,1012
Linen Shirt vneck,20,13266,4202
Linen T-shirt solid,5,2156,1166
Linen T-shirt stripes,3,22,0
Linen T-shirt vneck,5,1958,1166
Lines Top cerise,12,8667,3190
Linette Skirt check,6,11635,4926
Lino Top tank,4,3300,968
Lion Dress moi,6,2222,550
Liren Top cerise,9,10337,5632
Lisa Shirt romb,3,5762,2288
Lise Dress cerise,3,2243,726
Lissen Sweater vneck,10,11897,3366
Lissy Dress check,6,2706,770
Litsa Foulard closet,2,7960,2814
Lity Jacket tiffosi,10,10314,4202
Lity Jeans anna,5,1496,924
Live Jacket jcz,3,6840,2573
Live Shirt look,6,6003,3080
Liverpool Pant grette,15,6116,1518
Livvy Sweater block,5,2552,1100
Loden Shirt print,5,1606,748
Logo T-shirt corn,5,3300,1804
Logo Tshirt off,8,16494,8005
Lois Pant bohck,5,7234,2398
Lola Jacket film,5,10138,5080
Lola Pant jean,23,34679,14496
Lola Skirt raw,15,11899,3432
Lolis Shirt ycoo,6,7873,3674
Lolla Dress film,5,6135,2376
Lolla Pant film,5,4070,1738
Lolus Jeans miss,5,4200,1936
Long Cardigan real,3,8775,4552
Long Jumpsuit flowers,3,5630,2486
Long Tshirt stripe,4,3102,1210
Longa Jumpsuit majo,3,6663,1892
Longsleeve Shirt printed,2,1826,1012
Loni Pant short,6,880,396
Look Pant knitted,5,2420,792
Lorena Shirt casual,8,5896,2860
Loret Sweater brille,11,50668,20386
Lou Jeans broadway,6,2684,1100
Lou Pant slim,18,10098,3630
Louis Shirt zeze,3,3761,1716
Lovely Top sweat,5,968,506
Lua Cardigan colors,2,4156,1056
Lua Pant season,3,2376,946
Luara Jacket biker,21,10296,5192
Luca Shirt majo,3,1892,880
Luca Top cerise,17,32086,15419
Lucce Dress knit,5,13107,4598
Luce Cardigan shine,2,1232,550
Lucianna Tshirt air,20,9966,3784
Ludlow Scarf cahier,2,44,22
Lui Jeans denim,5,2244,1210
Luka Tshirt ls,18,8426,3146
Lula Dress molly,10,6336,1980
Lulu Cardigan long,5,4004,1408
Lulu Cardigan pep,4,1980,1034
Luna Skirt majolica,6,4971,1782
Luna Top look,4,1584,594
Lunar Dress noir,4,1276,264
Lunares Shirt cerise,3,1760,770
Lunce Top colors,6,66,22
Lune Shirt charlior,3,1848,660
Lupa Skirt majolica,3,6993,2903
Lupas Shirt hippie,3,3782,1826
Luppa Shirt animal,10,10690,4004
Lurex Scarf gold,4,10116,5190
Lusa Sweater zeze,11,4840,2640
Lusa Top knit,10,36660,12884
Luton Foulard closet,1,5278,2705
Lux Bag films,1,4596,1429
Luxe Jeans onado,5,3124,1738
Lyanna Skirt moss,3,2508,1386
Lykke Pant sharp,4,2992,1078
Lyris Foulard closet,2,6949,2177
Lysa Foulard closet,2,11216,4156
Lysandra Foulard closet,2,11348,3958
Madalyn Dress lace,5,2992,704
Maddy Shirt stripe,6,2266,880
Mademo Tshirt soft,10,2970,1342
Mademoiselle Tshirt emijo,6,11348,5125
Madison T-shirt denim,6,4400,1540
Madison Tshirt group,4,2222,836
Maf Sweater V,42,26175,13683
Maf Sweater bsc,18,18541,9062
Mafa Sweater wint,51,32951,14739
Maggie Tshirt flamingo,5,990,704
Mairen Pant belt,9,15241,5940
Maison Tshirt print,4,3805,1320
Maja Skirt pencil,6,2376,660
Majo Cardigan breeze,2,2858,968
Majo Jacket bomber,3,5674,2376
Majo Jacket print,9,20166,7983
Majo Shirt geo,3,1914,594
Majo Shirt hippie,3,2134,990
Majo Shirt print,3,2222,726
Majo Top nice,6,3212,1078
Majolica Jacket bomber,12,31910,13899
Majolica Shirt look,9,14866,6181
Majolica Shirt spring,3,8026,4002
Majolica Short solid,6,8774,3784
Majolica Skirt alabama,6,15767,5212
Majolica Skirt night,3,10885,3628
Majolica Top detail,3,10050,4948
Majolica Top sweet,3,6400,2947
Majollica Top summer,12,14293,7216
Majorca Shirt nÃ¼mph,6,6004,2332
Makeup Tshirt daphnea,3,3189,1496
Malica Dress maxi,7,2486,770
Malou Jacket blazer,25,15576,4048
Malou Pant pep,14,7084,2178
Maltinto Scarf small,4,15988,6772
Mamen Top closet,3,594,176
Mandala Jacket bomb,6,11062,4905
Mandy Sweater circle,5,3146,990
Manel Sweater light,3,11325,4376
Mannie Dress dark,4,4310,1782
Maole Top cerise,6,10380,3739
Marbore Short boyfriend,4,8093,4002
Marga Dress majolica,1,0,0
Margarie Shirt season,3,3124,1738
Margarithe Jumpsuit one,3,3782,1826
Marge Tshirt stripes,5,1188,484
Margot Dress majolica,3,1298,858
Maria Scarf nice,1,2023,748
Mariam Cardigan solid,5,2200,704
Maric Shirt soya,34,31868,13596
Marie Short check,8,8884,3366
Marilyn Sweater melange,4,8950,3564
Marine Tshirt stripes,5,3344,1804
Marmol Pant season,8,9852,3608
Marsat Jeans asphalt,3,5652,2419
Marshiano Pant ello,14,11548,3410
Martb Tshirt sparkle,8,4554,2244
Martin Cardigan knit,1,0,0
Martin Shirt bohck,5,968,352
Martin Shirt floral,5,4862,2090
Martin Top bohck,5,3850,1914
Martin Top cahier,10,10428,4268
Martin Top sew,5,8709,4355
Masha Tshirt mid,6,2222,1188
Masha Tshirt tee,6,2728,1078
Maya Top zebras,5,3212,1496
Mcoup Sweater solid,10,11940,6995
Meabh Cardigan numph,8,7611,2860
Medea Skirt printed,4,2024,748
Medos Tshirt slub,14,16075,5896
Mehr Cardigan long,8,550,220
Mejh Top lace,40,41505,17380
Melanie Shirt details,7,4092,2068
Meline Sweater old,9,5060,2310
Melodia Cardigan grette,20,18233,5324
Melody Dress noir,6,5015,924
Melta Jacket laura,5,11567,3981
Menat Jeans denim,4,7873,1848
Merida Short pocket,14,13987,8162
Merle Shirt stripe,13,6160,2860
Merryn Sweater numph,4,4838,1936
Mersey Top wdc,15,16056,5742
Message Tshirt garcia,6,3102,1232
Mex Jeans printed,5,2970,1320
Mia Dress season,6,2486,858
Mia Skirt denim,4,2992,1122
Mia Top visco,6,4048,1848
Mia Tshirt soft,12,5587,2112
Mida Jeans gj,6,10711,3344
Midi Skirt ycoo,3,1078,528
Mila Sweater round,30,14146,8404
Mila T-shirt stripe,5,1892,682
Mila Tshirt film,5,4312,1892
Milano Dress solid,5,2486,858
Milda Jacket path,10,5764,1694
Miles Jeans slimfit,14,13725,6028
Mille Dress printed,3,5410,2244
Millie Jumpsuit linen,5,1672,858
Mina Top klein,93,205954,101498
Mini Pant short,9,7171,2728
Mini Short pant,6,3300,1012
Minidots Shirt buttons,6,7763,2684
Minie Shirt cerise,3,4683,2288
Miniflowers Shirt season,4,5872,2508
Miniprint Jumpsuit maj,3,0,0
Miniprint Pant belt,5,4311,2024
Miniprint Shirt peak,6,7367,3630
Miniprint Skirt cerise,3,3672,1254
Miniprints Skirt emijo,3,2507,902
Minnie Cardigan knit,12,4136,1804
Minnie Dress flower,6,18100,6666
Mio Sweater naf,20,18188,9196
Miou Sweater peak,15,12647,6578
Mira Cardigan short,8,4202,1804
Miri Skirt central,2,0,0
Mix Coat fabric,5,3783,1100
Mix Shirt majo,6,8269,4004
Mix Shirt stripes,23,11154,5148
Mix Sweater knit,3,3014,1474
Mlubi Sweater colour,20,8228,3300
Moder Sweater knit,5,858,286
Mofornia Sweater one,5,2024,704
Mollie Jacket joules,7,2090,836
Mollie Shirt jacquard,5,1562,726
Mollo Shirt wave,6,2310,880
Mollo Shirt zuzu,6,2420,946
Molly Skirt lurex,6,4246,2046
Molly Top ladies,15,9350,3058
Mona Pant short,9,7677,3586
Monica Sweater notch,6,1716,1012
Mono Jumpsuit dolls,7,2090,528
Mood Tshirt letters,5,11149,5322
Moon Bag leather,1,1561,528
Moon Dress floral,4,4267,1166
Moon Jeans gj,17,28458,8580
Moon Shirt hippie,3,4881,1826
Moon Skirt soft,4,2244,946
Moon Sweater dark,5,2640,682
Moon Top knot,5,2486,1100
Moon Tshirt dark,6,6927,2948
Moon Tshirt oneck,10,6072,2794
Moon pant loose,5,1892,726
Motts Pant jcz,6,9234,3762
Mou Cardigan knit,1,44,22
Moufette Dress afrika,6,4554,1364
Moy Coat lion,3,1122,220
Multi Shirt combo,5,3630,1210
Multi Sweater warehouse,5,2046,528
Munel Jeans toxiko,6,1364,572
Muriel Top lace,6,3321,1474
Muse Shirt print,3,5212,2398
Muse Top season,3,3959,1826
Mushroom Skirt midi,11,3300,1474
Nadia Sweater neck,14,5324,1892
Nadia Sweatshirt joules,13,3256,1386
Nairobi Skirt sage,5,2288,770
Nala Cardigan nais,4,15856,5849
Nancy Jacket mid,7,1804,924
Nando Scarf stola,3,11831,5057
Nanni Jacket check,6,11304,4136
Nanni Jacket stripe,11,5544,2178
Nanni Pant ankle,46,50889,22703
Nanoki Tshirt coral,9,7766,2288
Naomi Pant short,12,12185,4752
Naomi Skirt midi,7,2442,1100
Naousca Tshirt lurex,12,4114,1672
Navy Dress bcon,7,2530,638
Naya Skirt fit,14,7898,2376
Neat Sweater bell,8,5631,1892
Neck Shirt flowers,3,3343,1760
Necka Shirt sweewe,2,2617,990
Neelda Pant sage,7,6400,1760
Nelly Cardigan bohck,6,5674,2442
Neme Jumpsuit print,5,6093,1254
Neo Shirt cahier,5,6334,1364
Neola Skirt twill,10,4422,1386
Nessa Tshirt stripes,7,2640,968
Nessy Cardigan grette,5,5697,2046
Nette Shirt street,11,3498,1958
New Jumpsuit long,4,7763,2574
New T-shirt york,12,17107,6578
Newport Jacket light,4,9809,3519
Newport Scarf nude,2,7652,4288
Niaka Cardigan soya,24,7018,3146
Nial Cardigan knit,4,19660,6025
Nice Skirt print,5,1892,594
Nicky Jeans four,5,14734,7609
Nicole Jumpsuit floral,4,3936,2178
Night Skirt gold,2,7389,3277
Nimbim Shirt lez,3,1870,1342
Nime Playsuit cerise,3,2552,1056
Nior Jeans garcia,3,8973,2046
Nissa Shirt sweet,8,19418,5786
Nmayla Skirt corduroy,10,6644,2706
Nmayla Skirt noos,7,3476,1430
Nmboss Pant legging,8,13546,5346
Nmcash Cardigan v-neck,8,14271,5720
Nmchristian Sweatshirt flock,4,1606,792
Nmdollie Jumpsuit sleeve,4,11347,3454
Nmgabi Coat noos,10,5940,1826
Nmginger Jacket noisy,5,308,66
Nmkimmy Jeans coated,5,11083,5806
Nmkimmy Jeans noos,5,3409,1452
Nmlauren Skirt may,5,4464,1452
Nmmaria Short paperback,10,7896,3960
Nmmetropol Cardigan long,10,9216,3806
Nmnathalie Playsuit belt,10,4290,2134
Nmpaisley Top aop,4,13877,6048
Nmsula Jumpsuit pearl,5,2640,1056
Noelia Bag bestini,4,9082,3256
Noir Dress cerise,3,3189,1342
Nolo Dress ycoo,4,6312,1672
Noma Parka tiffosi,10,3519,1320
Nona Cardigan short,12,3234,1408
Nona Sweater oneck,31,10076,4620
Nora Skirt cashmere,6,3080,968
Nora Sweatshirt cahier,15,13704,4136
Noreli Dress noir,6,8181,2948
Nottine Scarf nude,2,8422,3826
Nuannora Sweater press,9,3674,1232
Nudbarroco Shirt modal,5,6311,2947
Nude Foulard ceres,2,13458,5102
Nude Foulard fortuna,2,13634,6488
Nude Foulard juno,1,7389,3101
Nudiris Scarf acrylic,4,26939,9214
Nudotto Scarf acrylic,4,9060,3233
Nudpalm Skirt nude,5,7433,2970
Nudpalma Shirt modal,5,6003,2398
Nudray Shirt modal,5,5563,2332
Nudrayas Dress modal,5,10534,2969
Nudrayas Shirt modal,5,5014,2156
Nudrroco Dress modal,5,8686,2837
Nues Dress majo,6,13304,4795
Null Jeans toxik,10,6467,2948
Numbia Dress code,2,7125,2442
Oahu Skirt lili,3,4640,1540
Objalma Top stripes,4,3564,1496
Objamira Skirt long,5,2794,1298
Objanna Short denim,5,9963,4047
Objanna Short summ,11,14536,6379
Objaya Sweater knit,9,3190,1386
Objbay Shirt print,5,2706,1364
Objbay Shirt zigzag,5,7081,3783
Objbay Top maize,5,3256,924
Objcecil Pant season,16,10975,4004
Objchrissa Jacket twill,5,7653,3168
Objdaisy Sweater knit,10,4334,1628
Objdaisy Sweater patina,4,5146,1628
Objeileen Top noos,10,11940,6446
Objelianna Sweater carin,4,8204,3432
Objelisa Tshirt combo,10,4774,1628
Objellie Top vneck,10,5609,1914
Objeva Shirt chip,5,6091,1474
Objgracie Skirt denim,5,13042,4552
Objgracie Skirt twill,5,12184,5168
Objlanie Shirt denim,5,11085,4641
Objlisa Pant check,5,7235,3256
Objlisa Pant noos,10,2860,1078
Objludmilla Shorts print,5,880,440
Objmarly Cardigan almond,5,8731,4706
Objmarly Sweater solid,10,21399,9610
Objmiriam Sweater knit,5,8335,3629
Objnina Cardigan knit,5,2706,1100
Objpamela Pant poppy,5,2640,1034
Objpaxy Sweater misty,10,5940,2464
Objskinny Jeans noos,5,10227,5036
Objstep Skirt noos,10,4862,1936
Objtessi Tshirt slub,18,6270,2618
Objthess Sweater knit,5,5519,2354
Objthessi Cardigan noos,14,9810,5038
Objthessi Sweater knit,6,1408,440
Objwin Jacket seasonal,5,2992,1012
Objwin Skirt denim,8,8797,4026
Objwinew Jacket denim,5,5850,2992
Objzoe Shirt burnt,5,7675,2970
Objzoe Tshirt vneck,10,14096,6424
Objzonja Sweater knit,5,4663,2464
Oca Jeans denim,5,2838,1232
Oces Jeans skinny,5,4114,1386
Odecoup Tshirt sm,10,4268,1716
Odei Pant short,12,14228,6754
Odelin Jacket indoor,12,4686,1936
Odell Jacket fit,12,5192,1540
Ojos Top sparkle,8,6137,2816
Oki T-shirt sweet,10,10908,6424
Olaura Top naf,10,5917,2398
Oli Top majolica,3,2332,902
Olina Shirt collect,12,5104,1430
Olinou T-shirt mc,15,5962,2508
Olive Pant alabama,20,29779,15440
Olive Pant bubble,30,49875,23336
Olive Pant check,5,10908,3784
Olive Pant crux,5,4290,1892
Olive Pant jungle,5,7345,3080
Olive Pant les,10,10271,5104
Olive Pant miniprint,15,23641,12888
Olive Pant print,5,8071,2486
Olive Pant solid,10,14954,6754
Olivia Pant vichy,5,14295,5343
Omara Sweater plain,2,1012,462
Omayana Top naf,10,8818,4554
Omayana Tshirt brand,13,11788,5434
Omero T-shirt sweet,5,4794,2046
Ona Playsuit cerise,3,1342,638
Onado Jacket vintage,5,17065,6377
Onado Skirt denim,35,99118,33364
Onado Skirt hibiscus,5,8621,3102
One Skirt denim,4,6090,1980
Onix Jacket cerise,6,14184,3432
Onlalana Parka nomad,10,5236,1694
Onlalys Shirt oversize,10,5323,1870
Onlamber Tshirt high,15,3740,1364
Onlarya Sweater nc,15,22872,10780
Onlastrid Coat marie,15,14603,5522
Onlastrid Top stripes,8,9719,5610
Onlaya Sweater noos,10,16648,9084
Onlberil Sweater roll,10,7897,3916
Onlbernice Cardigan knit,15,4378,2244
Onlblush Jeans col,10,8950,4070
Onlblush Jeans life,3,11501,7279
Onlblush Jeans mid,3,5080,3804
Onlblush Jeans noos,10,20143,9744
Onlblush Jeans raw,5,2574,1474
Onlcally Skirt suede,11,13832,5522
Onlcana Jacket nylon,5,1298,484
Onlcanyon Jumpsuit life,5,3212,1386
Onlcanyon Jumpsuit printed,5,2882,1562
Onlcar Jeans noos,4,16603,7850
Onlcarmen Jeans noos,12,84840,41389
Onlcarmen Jeans reg,5,4354,1804
Onlcarrie Coat bonded,15,6402,2640
Onlclair Jacket hooded,10,7633,3520
Onlcorinne Parka spring,10,5236,1716
Onldavid Tshirt bowie,10,3256,1430
Onldebbie Top vneck,5,1298,550
Onldemi Parka coat,12,3124,1342
Onldemi Parka nylon,14,5632,2178
Onldemi Parka otw,20,17134,5830
Onldonna Jacket otw,12,24169,8645
Onldulcie Dress top,8,4510,1320
Onleden Sweater knt,15,19199,9702
Onlelaine Playsuit bot,5,1298,462
Onlellan Jacket winter,10,2398,990
Onlemma Parka crinkled,10,264,154
Onlenya Jacket biker,10,6996,2112
Onlevelin Sweater knit,12,23688,9634
Onlevie Jeans legging,5,1144,506
Onlfbryn Sweater knit,15,4048,1892
Onlfloria Skirt short,10,4752,2024
Onlglamour Sweater knit,10,11963,5874
Onlhavana Cardigan long,14,3784,1848
Onlida Jeans midwaist,5,9787,4465
Onliva Tshirt vneck,10,1628,858
Onliza Sweater soft,14,2992,1188
Onljade Cardigan knit,14,5104,2310
Onljanet Scarf acc,2,3804,2046
Onljosie Cardigan knit,8,8313,2486
Onlkacey Sweater v-neck,10,10665,4290
Onlkairo Sweater knit,10,5521,2398
Onlkarmen Dress short,1,0,0
Onlkenya Jeans sweet,4,7631,3761
Onlkira Short belt,10,12162,5390
Onllaura Sweater knit,10,7963,2486
Onllauren Pant denim,5,6092,3344
Onllesly Cardigan knt,20,40532,22323
Onllesly Sweater noos,10,4818,2332
Onllia Sweater knit,15,22607,8689
Onllorca Parka spring,48,42361,21995
Onlluna Dress stripe,1,0,0
Onlmay Parka spring,17,12209,4004
Onlmay Parka tarmac,20,9834,3894
Onlmaye Sweater knit,15,5192,2882
Onlmeredith Cardigan stripes,5,1584,880
Onlmeredith Cardigan wool,5,2332,1034
Onlmila Jeans ank,4,7235,2222
Onlmila Jeans anke,4,2838,968
Onlmiranda Playsuit nice,5,4509,2112
Onlmirinda Pant basic,8,8818,5038
Onlmirna Sweater knit,15,9680,5896
Onlmissuri Pant ankle,10,14557,6292
Onlmolly Pant leather,5,8533,3322
Onlmumbai Sweater knit,5,2750,1166
Onlnaja Sweater knit,14,4994,2354
Onlnancy Sweater knit,15,19967,9548
Onlnanna Jacket only,5,2574,924
Onlnanna Sweater pattern,5,6157,3124
Onlnatalia Sweater stripes,5,11919,6707
Onlnew Jacket chris,5,1826,968
Onlnew Parka fur,15,10582,3674
Onlnew Parka spring,6,4949,1738
Onlnew Sweater knit,5,2222,1276
Onlnew Trench melia,9,3828,968
Onlnewcornelia Parka spring,15,14139,6446
Onlnicolla Sweater glitter,4,1496,704
Onlnorth Coat nylon,20,4730,2112
Onlohio Jacket kalamata,6,9456,3630
Onlpaloma Jacket canyon,5,2376,1276
Onlparis Pant noos,7,20166,6292
Onlpop Pant easy,5,4553,2112
Onlregina Top single,8,17879,7347
Onlregitze Sweater noos,5,7741,4399
Onlrhoda Jacket winter,4,682,264
Onlrhonda Short stripe,10,3718,1474
Onlrock Shirt loose,5,3784,1870
Onlroyal Jeans noos,4,4948,2375
Onlroyal Jeans skinny,5,3277,990
Onlroyal Pant coated,5,6488,2860
Onlroyal Pant high,5,4970,1430
Onlsara Parka long,10,5148,1980
Onlsarah Parka port,15,12690,4246
Onlsedona Coat marie,2,66,44
Onlserena Cardigan stripes,15,13418,6820
Onlshape Jeans regs,9,66568,28501
Onlsky Skirt midi,5,2354,858
Onlskylar Parka spring,30,18544,8228
Onlskylar Sweater knt,29,33167,16320
Onlsoho Cardigan noos,29,32460,15881
Onlstar Dress leo,5,1518,616
Onlstarry Parka long,18,13527,5170
Onltaho Jacket ny,18,990,352
Onltahoe Parka noos,41,8888,3608
Onltamari Dress stripes,5,6269,2397
Onltia Jacket life,2,2178,1034
Onltracy Sweater vneck,15,5368,2948
Onlultimate Jeans reg,5,4927,2024
Onlush Jeans coated,15,47983,18297
Onlvegas Pant belt,5,1672,616
Onlvenice Cardigan knt,15,19442,9899
Onlvenice Sweater oneck,25,25006,13177
Onlvictoria Trench suede,5,4289,1628
Onlvide Playsuit summ,10,6754,2728
Onlvienna Coat humus,5,2200,792
Onlvivian Dress long,5,3717,1210
Onsuzana Pullover knit,15,22257,10843
Opoint Tshirt naf,10,4554,2464
Organic Cardigan rose,28,9658,3762
Organic Jeans skinny,12,9326,3344
Oriana Jacket qr,4,5167,1804
Orla Tshirt stripes,5,3937,924
Orna Pant palazzo,6,1628,616
Ornate Pant vines,6,1474,550
Orva Shirt over,7,2332,814
Osaka Pant wardrobe,3,3145,1078
Osophia Coat noma,16,8734,3520
Osport Sweatshirt felpa,5,2332,814
Ostripe Tshirt cotton,4,2728,1122
Otopic Sweatshirt felpa,5,2838,726
Ottilia Cardigan bohck,5,6180,1914
Ottilia Dress bohck,4,8797,2002
Out Jacket thin,18,4576,1870
Over Top head,12,2706,1672
Pable Skirt season,1,0,0
Pacifique Pant soft,8,18537,4818
Padd Parka tailor,14,1122,396
Padded Coat woven,10,6402,3036
Padme Short amazing,12,7216,1936
Paigee Shirt brand,6,4092,1276
Paint Skirt nathael,3,3234,1276
Paisley Shirt multi,4,10864,5806
Paja Dress knee,6,3872,792
Pale Jeans dungaree,7,2398,748
Pale Skirt cerise,3,5300,2178
Palm Tshirt rainbow,5,1672,440
Palmira Shirt nice,30,24874,10076
Paloma Jeans flash,10,7785,2706
Pamela Shirt soya,12,8711,2706
Pamila Tshirt lisa,18,10450,4092
Paname T-shirt hippie,6,8574,3520
Pane Pant lui,5,4114,1870
Panik Tshirt one,4,2728,924
Paniz Short regular,12,6688,1738
Panther Skirt closet,5,4378,2266
Pantheras Top closet,5,4818,2442
Panthy Top closet,5,4224,2134
Paper Pant cargo,3,7344,2310
Para Skirt green,5,2046,616
Parastoo Pant comfort,6,3982,1122
Party Dress shines,3,3299,990
Party Top shine,9,17943,5742
Pasture Dress shirred,5,1936,726
Patch Skirt denim,7,3344,990
Patched Shirt spot,7,2244,880
Paulette Dress floral,4,1760,506
Paulie Sweatshirt print,2,2485,704
Pcaine Top strap,10,2904,1166
Pcamice Pant print,6,1144,528
Pcana Jacket suede,15,19221,6732
Pcangilica Top print,5,4443,1760
Pcasta Jeans straight,4,3146,1122
Pcbellance Jacket grape,5,5916,1210
Pcbertha Dress martime,10,5346,1452
Pcbeth Bag leather,3,2794,968
Pcbianca Bag cross,4,2464,660
Pcbillo Top stripes,5,2024,682
Pcbillo Tshirt noos,40,16808,8844
Pcbilly Tshirt foil,5,2222,1078
Pcbippa Sweater wool,5,2398,550
Pcbodil Dress noos,5,8488,4575
Pccadence Bag shopper,1,3387,1188
Pccoya Skirt midi,5,1474,770
Pcdelly Jeans noos,29,93595,44601
Pcdellys Jeans noos,2,12205,6003
Pcdorita Coat noos,5,2662,1232
Pcellen Cardigan noos,30,7920,4510
Pcellen Sweater knit,10,3058,1474
Pcellen Sweater noos,29,8360,4422
Pceve Parka padded,20,1144,418
Pcfive Jean skn,10,21859,10073
Pcfive Jean sweet,7,10357,5169
Pcfive Jeans noos,5,4838,2090
Pcharia Scarf long,3,2090,1144
Pchavana Scarf square,2,7082,3606
Pcherle Scarf long,2,1760,814
Pchighfive Jean denim,5,24235,8599
Pchimla Dress midi,6,7940,2112
Pchipa Pant pieces,10,7259,2486
Pchira Coat long,10,4422,726
Pcholly Cardigan knit,9,9588,3696
Pchope Scarf long,2,7741,3628
Pchulla Top vneck,5,3805,1474
Pchush Scarf long,3,6532,3980
Pciblanka Scarf long,2,13546,7038
Pcilina Sweater v-neck,12,21332,9878
Pcillu Shirt solid,8,16426,6929
Pcina Sweater o-neck,4,4377,1716
Pcindia Sweater knit,4,9193,2992
Pcinger Dress aop,4,7982,2838
Pcinka Scarf long,2,11678,7324
Pcirene Jeans slim,5,3190,1562
Pcirene Skirt pencil,4,7455,3695
Pcjacy Skirt foil,3,7059,2926
Pcjenna Scarf long,2,12865,6444
Pcjimma Sweater neck,5,8158,3190
Pckalissa Sweater noos,25,8866,4642
Pckamala Dress noos,15,13878,6402
Pckamala Tshirt noos,60,24354,13310
Pckamelia Jeans noos,5,15658,6377
Pckamelia Pant culotte,4,9105,2904
Pckarie Tshirt noos,10,15021,6621
Pckodo Tshirt stripes,10,4312,1694
Pclogan Jeans slim,6,2376,1144
Pclou Jacket denim,5,13985,4531
Pclou Jacket noos,4,11457,4398
Pcminna Tshirt noos,15,6908,3696
Pcnell Cardigan knit,5,7938,3366
Pcnellie Pant noos,10,4686,1870
Pcnew Cardigan noos,35,11924,5170
Pcparo Skirt noos,4,1430,770
Pcsada Jacket biker,5,3277,770
Pcshape Jeans noos,10,32988,17154
Pcsimilar Shirt ls,5,2706,1078
Pcsky Skirt aop,5,3102,858
Pcsusan Sweater knit,5,2508,748
Peach Jacket denim,6,2662,990
Peach Shirt cerise,3,2332,1188
Pearl Top niur,3,4881,1408
Peask Tshirt charlior,9,26565,8731
Pelle Sweater kilky,1,1363,726
Pellia Sweater knit,6,3520,1166
Pencel Jacket jcz,3,9346,2859
Pep Cardigan one,1,22,22
Pera Scarf sew,2,7477,3804
Philipa T-shirt collection,6,2904,1210
Pierrot Short colour,19,6908,2992
Pigniu Top vest,4,1804,594
Pimba Cardigan short,6,3146,902
Pime Pant solid,15,16978,6820
Pinafore Dress denim,5,3717,792
Pinc Pant waist,10,10975,2552
Pine Jeans place,5,9303,2816
Pins Top cerise,3,6751,3013
Pintuck Shirt dobby,6,2508,924
Piper Pant loose,12,14120,3036
Piping Tshirt vneck,4,4508,1452
Pirme Pant best,2,3540,1386
Piros Cardigan grette,15,13726,4664
Place Short summer,5,13129,4904
Plain Jacket lindex,5,3212,1210
Plain Skirt ella,6,9301,4114
Plains Jumpsuit great,5,3739,1122
Plisse Sweater noir,4,3959,1452
Plumes Shirt print,3,4662,2420
Plumeti Shirt meisie,6,13522,3894
Pocket Pant jegging,14,4334,1738
Pocket Shirt stripe,4,3739,1188
Pocket Tshirt emijo,3,2596,1012
Point Top lala,9,13346,5610
Pola Playsuit cerise,3,3036,946
Pola Top garden,3,5366,2288
Polina Pant comfort,12,8382,2288
Poll Dress cerise,6,6820,2706
Pollen Shirt print,5,1694,506
Polly Dress print,4,946,352
Polly Pant check,6,7984,3388
Polly Pant color,10,6247,2398
Polly Skirt gold,6,6839,2750
Poly Pant cherry,5,2134,792
Poly Pant deeluxe,4,3124,1144
Pool Shirt grette,5,9369,4157
Poppy Jumpsuit solid,7,3014,880
Poppy Short gj,18,17176,7590
Pops Shirt cerise,6,9191,3960
Post Sweater plains,10,7039,1672
Powder Sweater melange,5,3476,924
Power Jeans hold,4,2024,726
Power Jeans lexy,10,6732,2090
Powi Pant fit,6,2134,968
Presley Sweatshirt joules,7,2112,704
Prett Jacket bomb,3,5168,1958
Pretty Top season,6,10204,3762
Print Jacket bomb,3,4772,1870
Print Shirt snake,3,5168,2332
Printa Top gj,5,2068,836
Printed Dress cerise,3,4398,1804
Printed Pant summ,3,2134,1144
Puff Tshirt rib,7,2266,924
Pully Jacket denim,44,40423,15246
Punta Top buttons,4,2771,1254
Purpurine Skirt senes,1,4618,2067
Purpurine Top meisie,6,8467,3058
Push Jeans up,5,12380,6466
Pvfive Jeans noos,5,3080,1474
Queen Jeans slim,5,2068,770
Quermes Jeans denim,5,704,396
Quilted Coat woven,13,1936,484
Raakel Dress beau,5,2706,770
Radia Pant five,17,8976,3410
Rafe Dress ware,5,2640,748
Raglan Sweater old,12,20273,6974
Ramona Shirt colourblock,3,2706,924
Ramona Shirt diagonal,6,4840,1936
Ramona Shirt neck,3,2683,1056
Ramona T-shirt print,7,6356,3366
Randal Sweater raye,8,3608,1716
Random Skirt midi,6,1606,770
Rane Pant denim,5,4179,1518
Rarya Shirt flower,5,2596,1100
Rarya Short flower,5,2816,1408
Rarya Top flower,5,5323,2134
Rave Parka plaing,20,18344,6732
Rave Parka windstop,10,1166,682
Ray Scarf multi,1,4860,2771
Raye Tshirt peak,4,4178,1034
Rayes Tshirt peak,4,9082,3388
Real Dress hippie,6,8949,3872
Real Jacket print,3,6070,2925
Realer Jacket print,3,6312,2507
Rebeca Cardigan blue,3,1672,616
Rebeca Top summer,15,16977,9745
Rebecca Jeans denim,105,220048,97658
Rebecca Sweater oasis,5,1276,594
Rebound Jeans skinny,5,1364,572
Red Tshirt less,4,3299,1122
Reese Pant pleat,5,902,242
Regular Short fit,30,11308,4554
Religion Top shoulder,5,2816,484
Rena Pant sew,5,6773,1452
Retro Pant short,10,7017,1694
Retro Tshirt logo,15,34439,12364
Reva Skirt onado,5,2970,1012
Revers Skirt onado,10,11416,5082
Rhine Shirt wording,21,10142,4466
Rhoda Tshirt sew,5,5433,1980
Rib Shirt embro,3,5740,1980
Ribbon Top stitch,16,3608,1760
Riders Jacket denim,5,3212,1496
Rigas Sweater ycoo,4,4838,2068
Rigas Top miss,3,1056,440
Rihanna Dress easy,10,17615,7414
Rio Dress dots,4,5520,1980
Rise Jacket kimono,1,3760,814
Rista Tshirt fresh,18,12254,3564
Rita Sweater retro,5,2948,1386
Rita Sweater star,5,3058,1430
River Sweater knit,4,1870,594
Riviera Dress floral,7,1122,374
Riz Shirt sew,5,4928,1870
Rizetta Dress copen,6,5367,1364
Rizetta Dress sleeveless,12,9612,2618
Rizetta Jacket blazer,24,15133,5170
Rizetta Skirt youth,6,4377,1914
Rob Dress print,5,2244,550
Rob Dress rouge,3,2662,572
Roca Pant verte,10,8645,3300
Roceres Sweater buttons,6,7169,2728
Roches Bag closet,2,9698,3628
Roches Scarf cahier,3,264,132
Rocisne T-shirt stripes,3,6817,2024
Rodano Shirt vneck,4,1210,418
Roll Sweater neck,15,13197,5500
Romadrid T-shirt stripes,3,5673,2112
Romantic Shirt cerise,3,2398,814
Romi Skirt flower,6,2816,1210
Ronja Jacket blazer,12,6204,1628
Rose Cardigan knit,23,5632,2794
Rose Dress season,3,3211,836
Rose Scarf sew,2,15636,7564
Rose Top bud,2,0,0
Rosso Skirt garcia,20,9812,4356
Roui Short jcz,6,3608,1672
Round Tshirt tropez,10,5499,2354
Rowling Jacket bomber,3,6752,3013
Roxa Jacket knit,7,7366,2398
Roxana Jacket indoor,7,2398,990
Roxana Jacket pale,14,12755,5082
Royal Jacket blazer,3,2662,1320
Rubik Scarf next,1,1451,924
Ruched Top sleeve,6,1540,704
Rufina Sweater stripe,4,286,154
Ruin Dress ycoo,6,9104,3674
Ruin Jeans toxiko,5,1892,924
Rule Shirt charlior,3,1958,660
Runo Pant belt,9,18142,6468
Rupo Tshirt polo,8,10447,3586
Ruse Dress gj,5,3190,1232
Ruth Pant tailored,5,1606,594
Ryan Top soya,17,5214,2728
Ryder Tshirt joules,8,1496,836
Saba Bag bohck,2,10116,2485
Sabagabo Jeans light,10,3080,1386
Sabva Top print,3,2969,1122
Sadie Pant skinny,7,2662,924
Safari Skirt gj,1,0,0
Saint Cardigan long,12,17942,8118
Saint Cardigan v-neck,34,26020,13968
Saint Top singlet,23,33756,13726
Salento Scarf fazz,2,9654,3320
Sally Jeans denim,14,36595,17702
Sally Shirt film,5,5807,2310
Sally Top thin,6,3366,1870
Salwa Jacket both,8,7676,1584
Samantha T-shirt grace,6,5807,2332
Samira Tshirt stripe,20,13397,4994
Sand Pant leggings,12,13635,6754
Sand Tshirt jsy,18,22367,8910
Sandra Cardigan melang,3,3607,1166
Sandrine Bag bohck,2,9610,2660
Sandshell Short jeans,5,1650,770
Sanne Pant coated,16,11724,4752
Sanne Pant twil,3,4157,2046
Sanne Shirt soft,6,3058,1166
Santo Cardigan tropez,15,13241,6226
Saphira Bag bohck,2,9412,2661
Sarah Pant short,45,87220,48363
Sarah Sweater spot,8,3190,1606
Sare Top season,3,4508,1892
Satchel Bag lock,1,2771,682
Saturne Pant grace,9,9722,3256
Satya Skirt grace,3,2288,946
Sauvage Sweatshirt look,3,2002,572
Savannah Shirt nude,5,4817,2068
Savi Skirt grace,3,4331,990
Scallop Cardigan edge,13,3432,1760
Scar Sweater fitted,4,1100,616
Scarlett Jeans grey,5,7103,3124
Scarlett Jeans solid,18,20762,8316
Scbanu Sweatshirt  sms,12,15657,7678
Sccembre Shirt blouse,24,41762,16720
Scdaniela Jacket blazer,16,10252,4906
Scdollie Cardigan knit,13,22630,10601
Scdollie Sweater pathwork,6,6334,2420
Scelin Pant print,7,8511,3344
Scella Shirt chiffon,6,9478,4927
Scella Skirt chiffon,6,10578,3784
Scelna Sweatshirt print,6,7586,3652
Scemy Jacket twill,6,9610,3256
Scgaga Shirt combi,5,3630,1584
Sclilly Pant solid,28,30215,13794
Sclilly Pant zipper,21,23929,10648
Sclora Jacket solid,12,5917,1870
Scmaric Tshirt off,10,4752,2222
Scnessie Cardigan knit,12,25534,10644
Scossa Scarf sew,3,13480,5784
Scsalwa Jacket sand,15,1694,550
Scshadi Pant solid,7,7610,3520
Sculp Jeans skinny,4,2816,660
Seamed Skirt pencil,6,1518,418
Season Dress brand,9,24607,8424
Season Shirt flower,4,6972,3146
Season Shirt marrakech,3,2640,990
Season Shirt snow,3,1364,704
Secret Jeans skinny,1,0,0
Seema Bag sew,4,19946,6640
Seersucker Short lines,5,2002,792
Seille Sweater knit,5,2332,1012
Seis Tshirt jers,9,5060,1892
Sel Shirt dots,6,4025,792
Selma Dress grace,3,3452,770
Selma Skirt majo,3,3672,1650
Senes Cardigan summer,6,29182,9895
Senes Dress night,1,2309,770
Senes Shirt bambi,6,8972,3256
Senes Shirt sas,2,4354,1496
Senes Short stripes,8,14050,3894
Senes Sweater rainbow,14,105007,45565
Senes Top arizona,6,7676,3740
Senes Top summer,3,2156,924
Sequim Dress mesh,6,2332,660
Serena Jacket suedette,6,3168,1122
Serengety Bag cow,3,16582,5123
Sergie Jacket suede,12,35691,13790
Serina Sweater glitter,5,1650,506
Sesilia Coat comfort,6,2728,726
Sessa Shirt stripe,4,4355,946
Sessa Shirt two,8,5235,1606
Sevi Pant slim,6,2794,1320
Sew Skirt denim,5,5433,2046
Shagnolo Shirt popelin,11,1518,572
Shamburgo Jeans solid,20,10337,3498
Shape Pant twill,20,11198,3982
Shara Jacket bomber,5,16647,8028
Sharline Pant grace,9,12931,3278
Shbasatin Cardigan knit,16,22453,9107
Sheep Jacket leather,9,0,0
Sheer Shirt stripe,10,5456,2750
Sheer Skirt grace,3,814,154
Sheffield Tshirt grette,5,8995,4684
Sheila Dress cerise,3,3300,1364
Sheila Pant dixie,4,2552,1056
Shells Shirt lace,5,3916,1232
Shibrahi Top knit,15,13702,6247
Shine Dress etui,5,2794,1210
Shine Shirt gold,3,3189,968
Shine Top jcz,12,27425,11525
Shine Tshirt colors,9,17417,6908
Shiner Top meisie,6,8951,3278
Shiner Tshirt peak,6,7126,2420
Shiny Dress flower,6,3058,880
Shiny Top luxe,30,18501,6710
Shiny Top season,4,4971,1914
Shlunar Jeans denim,10,21135,9545
Shnauplia Top flowers,5,8995,4684
Shnauplia Top miniprint,5,8489,4772
Short Dress sleeveless,6,1650,814
Shquesir Sweater vneck,20,26413,12272
Shverenice Sweater knit,16,3960,1716
Sia Short pant,3,1694,550
Sia Top floral,6,1804,858
Sia Top satin,6,2266,748
Sibley Bag sew,2,7433,3056
Side Jeans denim,5,5586,1496
Sienna Shirt flower,5,2354,814
Signa Jacket captain,5,3366,1188
Silby Top film,11,10273,5522
Silja Shirt true,6,3630,924
Silky Shirt knot,5,2288,990
Silver Dress nine,8,8028,1716
Simas Dress hippie,3,4573,1760
Simetric Dress paris,2,3188,902
Simone Dress floral,6,2464,968
Sina Jacket bomb,6,14712,8444
Sindy Skirt gim,6,10620,3102
Single Coat breasted,6,1232,550
Singlet Top lace,16,12579,4466
Sirena Bag bohck,2,9324,2221
Skinny Jeans dark,5,5433,2178
Skinny Jeans high,17,5896,2860
Slay Parka brave,10,7721,2640
Sleeve Shirt stripe,4,3146,1452
Sleeve Top lise,4,1122,374
Slim Jeans leg,4,1078,462
Slim Pant woven,10,7194,2002
Slimleg Jeans york,6,2288,880
Sloane Shirt print,12,7458,3300
Small Dress blues,6,2354,814
Smilla Parka plain,5,924,176
Snake Jacket bomb,3,1826,682
Snake Shirt print,6,12470,4642
Sochen Dress paris,4,1716,594
Socobella Jacket blazer,6,10446,3520
Socoberlin Dress visco,5,7543,3542
Socoberlin Shirt combi,5,7433,3695
Socobliss Sweater visco,10,11391,5764
Socodolliea Sweater visco,20,22344,9482
Soconess Sweater carylic,5,6752,2574
Soconessi Sweater acrylic,20,13856,4620
Socopylle T-shirt cott,19,14582,6116
Sofia Jacket blazer,2,1738,726
Sofia Top night,3,2222,1100
Soft Parka true,2,308,88
Soft Shirt akoz,16,22542,10032
Soft Trench suede,8,3366,1452
Softy Trench boom,11,8578,3278
Soles Scarf big,2,1891,440
Sonora Jacket blazer,4,1430,374
Sophie Bag bohck,2,9632,2441
Sophie Dress tropical,5,3080,682
Soraya Pant cap,9,14799,4730
Soterios Bag bohck,2,8511,1979
Space Sweater stripes,7,1738,726
Spaced Dress petal,7,1738,836
Sparta Scarf sew,3,10357,4860
Spice Tshirt mila,12,11261,4796
Split Shirt solid,12,3608,2244
Sporty Dress lurex,9,23707,9215
Spot Pant leg,6,1650,858
Spring Shirt print,5,8137,3454
Square Sweater grace,9,11041,3740
Square Top neck,5,1914,594
Srblaze Shirt printed,5,4640,1408
Srhannah Shirt solid,5,3123,1276
Srmoira Skirt midi,5,4795,1606
Stacey Sweater sleeve,5,4728,2310
Star Sweater cashmere,2,3672,1210
Star Sweater postcard,6,7543,2134
Starts Shirt majolica,6,15746,5498
Sthorse Pant check,6,5015,1628
Stjordis Jacket striped,7,7037,2948
Stmela Tshirt block,7,4839,2200
Stmelanie Tshirt knot,21,18078,8360
Stonblouson Jacket zebra,3,7741,2332
Stonprinted Shirt lace,3,6290,2222
Stotto Shirt buttoned,7,7015,3036
Strap Top number,6,4400,1694
Street Dress neck,9,8554,3146
Street Shirt printmix,6,2024,770
Street Shirt stripes,6,4554,1870
Street Skirt pepica,8,8269,3168
Street Tshirt happy,12,6774,3190
Stripe Dress jersey,5,1012,638
Stripe Dress one,7,4532,1760
Stripe Jumpsuit pinny,5,2750,902
Stripe Sweatshirt colors,6,2398,924
Stripe Tshirt lee,10,22607,8643
Stripe Tshirt warehouse,5,1672,748
Striped Shirt collar,6,5544,1980
Striped Top one,12,10050,3454
Striped Tshirt tom,10,4224,2068
Stripemix Shirt collar,7,4729,2024
Stripes Pant short,3,2969,1628
Stripes Shirt office,6,2771,990
Stripes T-shirt charlior,6,22299,9940
Stripy Playsuit denim,5,3652,1210
Stsakko Cardigan basic,28,40576,18894
Studd Tshirt table,12,6358,2486
Stzmila Cardigan vneck,10,9303,4620
Sua Shirt origin,6,2772,1408
Suana Jumpsuit floral,8,8114,2640
Suede Bag detail,2,4003,1452
Suede Jacket majolica,6,12228,4532
Sul Jacket tiffo,15,33095,10735
Sulay Skirt printed,9,12052,5588
Suley Cardigan knit,2,7433,2200
Summ Dress rigas,6,12558,3366
Summ Playsuit ycoo,6,15767,5785
Summ Skirt onado,55,117324,42056
Summ Top cerise,6,396,154
Summ Tshirt nathael,3,3146,1430
Summ Tshirt season,3,1276,550
Summa Jacket colors,5,8489,3300
Summer Dress long,3,1716,1034
Summer Shirt majolica,6,2970,1342
Sun Dress print,3,1496,660
Sun Top embro,5,7346,2464
Sun Top polo,10,3960,1056
Sunflower Scarf chic,2,3738,1100
Sunny Shirt dots,18,4972,1210
Super Skirt strech,9,5565,2618
Sus Dress ss,6,3916,1188
Susa Shirt printed,6,6621,2772
Susana Top rose,3,3848,2244
Susanne Cardigan gold,1,22,22
Sweet Tshirt vneck,10,6444,3388
Swim Tshirt season,12,19856,8798
Syna Bag cahier,3,15108,4397
T. L C. blue dark,5,8005,3674
Tabarak Jacket desires,16,27841,11878
Tabitha Jacket grace,6,19924,6313
Tacos Jacket grace,4,12645,4356
Tadney Shirt mix,12,18032,8206
Tagada Jacket grace,3,2903,770
Taghil Sweater heach,8,8358,3828
Tahiti Sweater grace,6,12820,5060
Tailor Cardigan cosy,4,5453,2574
Tailor Scarf cosy,1,704,330
Tailor Shirt blouse,4,9940,3716
Tailor Sweater cable,12,10843,3938
Taily Tshirt knot,17,10600,4686
Tal Sweater grace,9,11018,4202
Talia Bag cahier,3,14118,4023
Talior Skirt denim,3,10425,2794
Tamaris Top grace,9,10732,4444
Tambour Tshirt grace,15,21308,8448
Tamiko Skirt grace,3,594,264
Tanaka Dress grace,3,3651,1738
Tandem Pant grace,9,11942,4224
Tank Top gold,4,4113,1188
Tansy Bag sew,1,4486,1363
Tanya Top grace,6,6444,2904
Taquine Tshirt grace,9,9874,4422
Tarama Pant grace,12,18800,6182
Tarantino Dress grace,6,4752,1540
Target Pant grace,9,20319,6996
Taupe Skirt olive,1,6531,2771
Taylor Parka water,6,924,396
Taylor Sweater color,10,11238,4862
Teca Tshirt raisin,10,8777,3168
Teddy Coat faux,12,2574,902
Teel Tshirt vneck,10,6269,2134
Teide Jeans skinny,5,8357,3388
Tennessee Top grace,6,6335,2948
Tequila Top grace,9,13941,5412
Tere Shirt esprit,10,3762,1430
Terentis Bag sew,1,4640,1517
Teri T-shirt flower,6,3762,1166
Terre Dress emijo,3,6906,2310
Tess Bag cahier,3,14162,4529
Textured Dress midi,6,1892,550
Than Pant place,25,9416,3520
Thea Bag sew,1,4728,1363
Theo Bag sew,2,10072,2770
Theone Bag sew,2,10468,2595
Thin Coat woven,18,2068,968
Thisbe Bag cahier,2,11281,2858
Thomas Bag cahier,2,9060,3100
Tiara Bag cahier,2,11260,2354
Tiara Shirt print,10,6707,3014
Tibolo Bag cahier,3,12600,4090
Tie Dress front,7,4048,1232
Tie Pant winter,12,16736,6996
Tie Shirt neck,7,2200,836
Tie Skirt pow,6,2574,770
Tie Top sew,10,10624,5566
Tiel Pant paris,12,20475,7875
Tiela Shirt ycoo,12,16978,6072
Tienette Bag film,1,4596,1671
Tiered Dress mini,6,4114,990
Ties Top ycoo,8,11524,4752
Tifour Shirt arav,4,5409,1848
Tiger Scarf sew,2,12359,4838
Tiger Sweatshirt jacquard,3,1958,638
Tila Top mia,5,3300,594
Tilda Top majolica,9,7809,4202
Tilla Skirt short,10,9676,3498
Timandra Bag film,2,9500,3188
Timeus Bag cahier,3,12469,4265
Timon Bag film,3,12644,4771
Tinna Dress tunic,2,1430,726
Tino Pant forest,15,15306,5918
Tiswa Pant one3,3,242540,101533
Tiwa Pant one,6,330306,152662
Tixter Sweater depths,16,9371,4334
Tmini Dress knit,3,7763,3124
Tokio Top printed,4,3388,1474
Tolkien Shirt miniprint,6,15526,8511
Tolkien Skirt dots,6,15349,5477
Tolkien Top miniprint,3,3651,1738
Top Scarf sun,1,1407,660
Tope Pant sew,5,7126,2486
Tops Jacket contrast,36,15598,3894
Toronto Jeans denim,6,5279,2134
Toub Shirt new,8,8291,3740
Toxico Jeans emerald,5,9105,2882
Toxico Jeans jungle,15,12340,5764
Toxico Jeans nacre,6,5741,2970
Toxico Jeans worn,5,7147,3014
Toxiko Jeans colors,69,54085,28138
Transil Pant olive,5,4970,2772
Triangle Pant olive,5,3344,1650
Trila Sweater nais,3,8841,2508
Trissa Jeans sky,10,7654,1408
Tropic Jacket nude,3,5740,2156
Tropic Top nude,5,4972,2486
Tropical Top nude,5,4422,2266
Trudy Pant stripe,28,43415,16825
Ttmix Dress ruffle,4,7873,2530
Ttoven Top v-neck,8,10601,3454
Tube Skirt leather,36,71166,26723
Tula Jeans plus,6,215052,104238
Tula Shirt season,4,6707,3256
Tulipan Shirt cerise,3,4793,2068
Tulle Skirt flowers,6,10753,2926
Tullia Shirt ethnic,4,2596,1518
Tundra Scarf sew,2,16868,7060
Tunic Dress three,3,4573,2134
Tunic Dress tropez,5,2618,902
Turke Shirt cerise,3,5255,1914
Turna Top flounce,4,4421,1386
Turner Top ware,6,2024,748
Tuscany Sweater rayes,6,2882,1012
Twiggy Skirt lindex,4,4530,1474
Twill Pant inch,6,3322,1408
Twill Pant shape,6,3960,1804
Uda Skirt cerise,3,1738,484
Ultra Parka weight,21,1342,638
Uma Jeans skinny,4,2332,792
Una Dress navy,4,5609,1540
Uni Shirt cerise,9,13040,4928
Uniq Skirt senes,1,2023,990
Uper Cardigan knit,11,6995,2464
Urle Cardigan long,12,15107,5610
Used Jeans slim,5,10138,3674
Utah Jumpsuit floral,5,3848,616
Utah Shirt floral,5,4024,858
Utility Dress pocket,6,3762,1122
Utility Sweater button,5,2090,924
Vall Jeans denim,5,4706,1826
Varny Tshirt tees,10,6269,2354
Vega Jacket print,3,1958,1122
Veina Sweatshirt tokyo,6,3870,1012
Veleta Jeans slim,6,8599,3959
Velvet Jeans skinny,6,3102,1056
Vendel Shirt blouse,12,4378,1870
Vera Jeans denim,5,4246,1452
Vera Pant deep,21,13090,3916
Vert Pant bonnes,15,25335,10799
Verta Sweater ycoo,6,26897,10865
Vertical Shirt soft,4,2662,1430
Very Tshirt gj,5,2068,836
Vesna Pant wdc,20,31934,12100
Viadelia Jeans noos,12,5346,1892
Viallia Tshirt button,11,5544,2134
Viamy Short chino,12,5148,1980
Vianna T-shirt solid,3,0,0
Vianta Sweater knit,5,1496,682
Viatta Shirt parda,5,1430,726
Vibes Tshirt summ,4,4442,1804
Vibibi Pant rwsl,6,3541,1166
Vibirdon Dress salia,5,616,264
Vibirth Sweater knit,5,1562,704
Vibista Dress noos,6,13503,4289
Viblendy Sweater knit,5,6509,2684
Viblue Jacket noos,24,46248,18496
Vibolonia Sweater oneck,10,25884,11720
Vicamisha Coat long,6,198,66
Vicassie Skirt denim,6,8994,3806
Vicatja Parka noos,18,8293,2486
Vicelia Jacket blazer,5,4003,1122
Vichino Short noos,12,12140,5676
Vichoose Skirt short,6,8379,3058
Vicky Top lencel,5,3915,1100
Vicky Tshirt street,15,24082,9966
Viclassy Dress noos,15,8822,2860
Vicom Jeans noos,8,2002,902
Vicommit Skirt noos,11,6929,2442
Vicosana Scarf wool,1,3760,1869
Vicris Jacket suede,25,23753,6886
Vidream T-shirt city,5,3520,1452
Vidream Tshirt pure,10,4664,2068
Vidreamers Tshirt stripes,5,1408,352
Viekko Jeans birch,4,5894,2332
Vifeli Jeans slim,10,11612,5060
Vifilak Cardigan knit,15,22475,11856
Vigiulia Shirt swirl,5,7872,3476
Viglittie Jeans souh,6,6223,2112
Vigood Cardigan noos,10,5588,1980
Viher Jacket noos,5,2420,1100
Viinfi Cardigan noos,10,5258,2002
Vijahula Dress belt,5,2926,1408
Vijamille Dress midi,5,10247,3124
Vijaxie Jacket long,12,1936,440
Vijessi Coat noos,36,16829,5170
Vijules Jeans washed,10,10908,1672
Vikastanja Pant short,6,2794,990
Vikatay Cardigan multi,10,5808,2156
Vikatay T-shirt stripes,10,5544,1738
Viki Shirt burnout,4,2750,902
Vilacal Tshirt lace,5,4069,1386
Vilanis Pant nomad,4,2772,990
Vilika Pant noos,6,2948,990
Vilinea Pant dark,5,2992,902
Vilna Cardigan wardrobe,10,10777,4400
Vilouiana Dress south,4,2618,902
Vilucy Shirt button,5,10622,5301
Vilucy Shirt lux,1,0,0
Vilucy Shirt noos,86,131425,60237
Vilucy Shirt phyton,5,5256,1364
Vilucy Tshirt fav,44,81944,43389
Vilukis Jeans snow,5,2838,1188
Vilukki Shorts south,12,7941,2046
Vilvera Top cloud,6,2244,990
Vimelli Tshirt noos,35,11374,4994
Vimero Top detail,24,58058,23027
Vimero Top noos,56,77174,31322
Vimirenza Jumpsuit v-neck,5,3893,1408
Vimonellie Top vneck,10,6446,2310
Vimovement Trench noos,6,16274,6070
Vimura Dress shirt,5,4025,1210
Vinaja Jacket long,28,21466,10317
Vinaja Jacket short,59,68071,29892
Vinamia Top nice,10,7524,2662
Vince Shirt summ,3,990,308
Vinoel T-shirt noos,20,13200,6380
Vinorth Scarf wool,4,13173,5190
Vinyla Cardigan knit,5,2222,946
Viofficiel Top strap,1,0,0
Violet Jacket modal,4,15921,3256
Violet Skirt ycoo,3,2464,968
Violet Top floral,7,2530,1012
Violina Pant chino,18,26765,10120
Viosk Skirt knit,10,13172,4202
Vipen Falda poly,28,26922,10513
Vipen Skirt skater,10,17747,6971
Vipeny Skirt fav,4,572,176
Vipeppa Shirt vil,10,18208,6864
Vipinja Tshirt stripe,10,7149,2904
Vipoco Cardigan knit,5,3651,1474
Viprime Dress noos,18,28655,12296
Viprimera Dress stripes,12,19573,8534
Virasha Shirt boat,10,3960,1870
Virau Skirt flounce,8,11985,3300
Virau T-shirt solid,8,11347,5390
Virginia Scarf closet,1,4706,2507
Viril Cardigan knit,111,162244,90214
Viril Cardigan noos,69,71454,34842
Viril Dress noos,2,0,0
Viril Sweater neck,15,14363,7236
Viril Sweatshirt hoodie,11,3740,1914
Virilopen Sweater noos,3,0,0
Virolas Cardigan knit,10,9500,4576
Vironjo Sweater knit,16,15504,6512
Visafari Playsuit belt,5,3740,1122
Viscose Shirt dobby,5,1166,616
Viseana Pant chino,12,9349,3080
Visemah Pant short,6,2376,1034
Vishow Jacket denim,9,5500,2112
Visky Parka long,6,2772,748
Visofina Pant short,12,4708,1980
Visofina Short noos,18,26170,11395
Visti Jacket bomber,10,5455,1628
Vistrike Sweater noos,10,7656,3300
Visumi Top snow,10,5896,3344
Visunset Cardigan stripes,10,5654,2948
Visuvio Top flowers,5,3563,1078
Visuvita Dress dots,6,4466,1914
Visuvita Short nomad,10,2112,990
Vitiana Top dots,8,4686,2420
Vitrust Parka short,12,7017,2002
Vivana T-shirt one,5,3366,1430
Vivana Tshirt ltd,12,15064,7920
Vivero Skirt short,12,16098,8689
Viwinter Scarf check,2,4508,2946
Viwise Coat garden,5,2552,726
Vmabbyfanna Parka bungee,3,4310,1826
Vmagnes Parka breeze,10,5456,1782
Vmalice Jacket teddy,10,3696,1254
Vmautumn Dress print,5,2816,1078
Vmbeate Top birch,11,5918,2332
Vmbelinda T-shirt oneck,15,18361,9746
Vmbrianna Cardigan boo,3,5409,2750
Vmbrushed Jacket boos,15,7018,2838
Vmcallie Jacket bomber,5,616,440
Vmcelena T-shirt jrs,15,5544,2332
Vmcira T-shirt vneck,15,20342,8756
Vmcloudy Parka cord,15,17111,8337
Vmcurl Jacket boos,20,9152,3520
Vmdoffy Cardigan color,16,6578,2992
Vmdoffy Sweater roll,24,7216,3916
Vmdonna Skirt noos,15,33887,15000
Vmdonnadina Skirt suede,25,54339,25139
Vmdot Tshirt oneck,11,23420,11546
Vmdotti Jumpsuit culotte,4,2200,990
Vmeleo Cardigan oversize,10,14118,6490
Vmerika Shirt stripes,15,11547,6622
Vmeva Pant paperbag,5,6885,2816
Vmeva Skirt noos,5,2442,946
Vmfresno Skirt noos,5,2222,1034
Vmfriday Parka coated,10,5434,2002
Vmhenirebecca Skirt ankle,6,2046,836
Vmhot Jacket denim,9,19549,10032
Vmiben Pant fluid,5,1474,638
Vmindia Shirt noos,5,2970,902
Vmkaren Shirt lace,10,8841,2860
Vmkarina Pant wide,9,1144,638
Vmkaris Sweater high,14,5610,2772
Vmkatelin Skirt wrap,9,3520,1122
Vmkeepme Shirt soft,10,7524,3300
Vmkiki Dress moda,6,3432,814
Vmkizzi Sweater aw,5,1738,836
Vmkylie Parka sky,15,12650,4466
Vmlacole Sweater solid,5,1342,814
Vmlina Tshirt vback,20,33319,20892
Vmlina Tshirt vneck,20,36421,20409
Vmluna Shirt color,5,5257,2222
Vmmaren Tshirt button,15,15943,8844
Vmmure Sweater oneck,15,5830,2882
Vmmure Sweater vneck,10,3498,2046
Vmnadia Top button,5,2398,1056
Vmpernillenew Parka brusch,20,10405,4884
Vmpleasent Sweater oneck,13,5214,3146
Vmrose Jeans slim,4,2662,1254
Vmsailor Tshirt slate,15,30919,13241
Vmsandi Jacket coated,9,7633,3278
Vmsasha Dress noos,5,4465,2090
Vmsasigail Jacket blazer,5,2838,1584
Vmseven Jeans noos,11,10601,5588
Vmsevenew Pant noos,5,4421,2508
Vmsheila Jeans flare,4,4025,1210
Vmsheila Jeans slim,4,3409,1188
Vmsia Shirt noos,5,7961,3585
Vmsimone Parka hoody,25,10493,3322
Vmsine Top lydia,5,7807,3520
Vmsoraya Parka boos,30,13838,4994
Vmtia Pant maya,10,7040,1892
Vmtiti Sweater oneck,15,7964,4070
Vmtoby Jacket check,5,1452,506
Vmultramalou Jacket coated,3,6905,2112
Vmvallilea Jacket fur,15,3674,1232
Vmvida Top gavo,15,17506,9591
Vneck Jumpsuit back,6,2310,660
Vneck Sweater edc,11,12161,5390
Vneck Sweater esprit,10,11876,3696
Vneck Sweater light,6,3916,1826
Vneck Top miniprint,10,12690,4444
Vneck Top oasis,7,3102,1232
Vneck Tshirt stripes,7,924,418
Vono Shirt point,5,2684,1078
Wabias Skirt satin,12,4290,946
Wacotton Jakect stripes,7,5388,1144
Waff Top oasis,7,2816,1034
Waffle Top satin,7,2200,748
Wahidden Dress parrot,7,2860,748
Wahidden Jumpsuit print,7,3168,1100
Wall Shirt kilky,2,6509,2068
Wanda T-shirt stripes,1,0,0
Ware Dress noa,7,5104,1254
Warehouse Jumpsuit safari,5,2992,660
Warwick Scarf closet,3,12666,5893
Wastripe Dress summer,7,2794,704
Wave Sweater  zeze,9,5984,2772
Waves Top cerise,15,22693,11129
Wayra Dress dark,1,0,0
Weerda Sweater mustard,4,1232,374
Wende Sweater melange,5,1848,594
Weston Dress soft,5,1100,506
Wide Jeans slim,3,2706,660
Wide Jeans uni,10,6798,3014
Wiggle Sweater oasis,4,682,198
Will Jacket solid,5,4179,1958
Windsor Scarf checks,1,2067,1034
Winona Short woven,3,2596,1298
Winter Coat colors,9,22233,5586
Winter Scarf space,1,2243,638
Woven Dress esprit,5,4311,1122
Woven Shirt casual,12,5896,2354
Woven Top saint,10,4026,1628
Woven Tshirt collar,15,12645,5060
Yani Sweatshirt ls,6,2046,550
Ycoo Dress print,4,8753,2926
Ycoo Jacket suede,20,53151,21222
Ycoo Jumpsuit cabos,3,5256,2595
Ycoo Pant nice,3,5190,1408
Ycoo Pant west,3,3848,1408
Ycoo Pant work,9,3806,1364
Ycoo Shirt lines,3,6905,2903
Ycoo Skirt cat,3,10600,3848
Ycoo Top shine,8,2156,792
Ycoo Tshirt light,3,3893,1870
Yois Jacket bomb,5,12448,6025
York Bag cotton,4,11325,5168
York Foulard closet,1,5168,2551
York Jeans denim,5,3608,1606
York Jeans slimfit,6,3300,1628
York Pant slimfit,6,17066,8245
York Pant soft,11,5104,2398
Young Dress night,6,2706,682
Yu Cardigan hippie,2,5872,2288
Yu Sweater hearts,2,660,198
Yubi Cardigan solid,3,6840,2706
Yula Top akoz,16,13241,5852
Yuli Playsuit summer,3,264,66
Zane Sweater gj,5,2574,1166
Zara Sweater turtleneck,15,5412,2178
Zare Cardigan kompa,6,2398,1056
Zawov Top antique,14,8138,4598
Zea Short pant,7,2728,594
Zebra Skirt sequin,6,1980,814
Zebry Top closet,5,5566,2288
Zela Skirt kompag,6,9432,3300
Zell Parka brand,3,4376,1034
Zeze Shirt woven,3,2970,1562
Zeze Short woven,3,4067,1738
Zick Jacket blazer,5,2662,1188
Zinka Dress summer,6,13898,4972
Zinka Shirt flower,2,2550,946
Zipe Sweater season,4,2662,880
Zoe Cardigan long,5,2596,880
Zubasic Sweater hedge,5,2332,1254
